"Symbol  ","Series  ","Date  ","Prev Close  ","Open Price  ","High Price  ","Low Price  ","Last Price  ","Close Price  ","Average Price ","Total Traded Quantity  ","Turnover ₹  ","No. of Trades  ","Deliverable Qty  ","% Dly Qt to Traded Qty  "
"INFY","EQ","24-Sep-2026","1,020.50","1,015.00","1,022.80","1,005.20","1,014.50","1,014.50","1,012.63","68,91,893","6,97,89,51,534.60","1,68,191","39,13,347","56.78"
"INFY","EQ","23-Sep-2026","1,029.40","1,021.80","1,029.40","1,015.10","1,020.50","1,020.50","1,020.35","51,08,734","5,21,26,80,733.80","1,24,303","30,43,550","59.58"
"INFY","EQ","22-Sep-2026","1,038.50","1,037.70","1,041.00","1,019.20","1,029.40","1,029.40","1,027.30","93,41,109","9,59,60,77,248.60","1,67,463","51,87,113","55.53"
"INFY","EQ","21-Sep-2026","1,051.40","1,041.50","1,044.50","1,030.30","1,038.50","1,038.50","1,037.03","60,74,358","6,29,93,13,013.00","1,32,434","28,38,303","46.73"
"INFY","EQ","18-Sep-2026","1,058.60","1,061.90","1,061.90","1,038.00","1,051.40","1,051.40","1,047.93","2,21,24,953","23,18,54,50,968.90","1,33,181","1,57,55,453","71.21"
"INFY","EQ","17-Sep-2026","1,060.00","1,054.90","1,063.60","1,048.60","1,058.60","1,058.60","1,055.60","54,69,865","5,77,39,84,143.00","91,857","25,72,662","47.03"
"INFY","EQ","16-Sep-2026","1,077.00","1,082.50","1,085.10","1,053.50","1,060.00","1,060.00","1,067.16","62,30,590","6,64,90,64,531.00","1,99,229","33,80,850","54.26"
"INFY","EQ","15-Sep-2026","1,037.70","1,085.00","1,097.70","1,071.70","1,077.00","1,077.00","1,083.60","1,48,16,117","16,05,46,80,919.90","2,46,743","75,70,972","51.10"
"INFY","EQ","11-Sep-2026","1,036.50","1,032.00","1,047.30","1,029.70","1,037.70","1,037.70","1,039.69","61,68,088","6,41,29,29,953.10","1,45,206","31,09,903","56.59"
"INFY","EQ","10-Sep-2026","1,035.00","1,039.60","1,046.60","1,027.30","1,036.50","1,036.50","1,035.09","89,98,529","9,31,42,45,718.70","1,32,817","52,50,417","58.35"
"INFY","EQ","09-Sep-2026","1,082.00","1,059.00","1,059.00","1,026.50","1,035.00","1,035.00","1,038.28","1,35,30,457","14,04,83,85,874.80","2,48,758","80,43,809","59.45"
"INFY","EQ","08-Sep-2026","1,087.50","1,095.00","1,095.00","1,078.90","1,082.00","1,082.00","1,084.29","62,69,037","6,79,74,33,881.60","1,51,673","36,27,483","57.86"
"INFY","EQ","07-Sep-2026","1,130.00","1,109.50","1,109.90","1,085.00","1,087.50","1,087.50","1,094.17","76,68,346","8,39,04,99,184.00","1,95,551","37,94,091","49.48"
"INFY","EQ","04-Sep-2026","1,130.30","1,133.00","1,146.70","1,125.40","1,130.00","1,130.00","1,132.09","58,81,388","6,65,82,77,427.90","1,09,162","38,29,599","65.11"
"INFY","EQ","03-Sep-2026","1,140.00","1,144.00","1,144.00","1,122.50","1,130.30","1,130.30","1,130.60","57,86,250","6,54,19,60,761.60","1,72,536","30,86,150","53.34"
"INFY","EQ","02-Sep-2026","1,156.00","1,137.70","1,147.80","1,118.60","1,140.00","1,140.00","1,134.99","85,64,358","9,72,05,00,603.10","1,92,466","46,96,289","54.84"
"INFY","EQ","01-Sep-2026","1,133.80","1,128.00","1,156.00","1,125.60","1,156.00","1,156.00","1,145.40","1,35,16,123","15,48,13,78,653.40","1,63,276","59,09,583","43.72"
"INFY","EQ","31-Aug-2026","1,144.00","1,138.60","1,143.90","1,111.10","1,133.80","1,133.80","1,125.02","88,08,120","9,90,93,13,175.80","1,18,949","58,22,176","66.10"
"INFY","EQ","28-Aug-2026","1,110.80","1,123.60","1,145.00","1,123.30","1,144.00","1,144.00","1,139.38","96,21,969","10,96,30,88,036.20","1,47,819","59,05,963","61.38"
"INFY","EQ","27-Aug-2026","1,120.00","1,120.00","1,130.70","1,107.20","1,110.80","1,110.80","1,112.52","69,33,998","7,71,41,83,978.30","1,32,760","37,39,281","53.93"
"INFY","EQ","26-Aug-2026","1,144.00","1,142.00","1,142.00","1,118.30","1,120.00","1,120.00","1,125.69","63,23,984","7,11,88,76,913.10","88,562","35,70,273","56.46"
"INFY","EQ","25-Aug-2026","1,130.00","1,132.00","1,144.00","1,119.90","1,144.00","1,144.00","1,126.97","81,21,237","9,15,23,54,371.60","1,30,691","53,21,320","65.52"
"INFY","EQ","24-Aug-2026","1,121.00","1,126.50","1,144.50","1,122.00","1,130.00","1,130.00","1,133.16","85,65,354","9,70,59,45,957.70","1,70,563","46,44,257","54.22"
"INFY","EQ","21-Aug-2026","1,130.00","1,133.00","1,133.50","1,118.00","1,121.00","1,121.00","1,126.04","60,94,967","6,86,31,58,941.30","1,20,734","37,89,460","62.17"
"INFY","EQ","20-Aug-2026","1,119.80","1,143.00","1,144.70","1,125.70","1,130.00","1,130.00","1,134.18","85,59,841","9,70,84,37,176.30","1,70,960","42,01,639","49.09"
"INFY","EQ","19-Aug-2026","1,115.00","1,125.60","1,134.70","1,113.80","1,119.80","1,119.80","1,120.37","84,08,573","9,42,07,46,982.00","2,44,109","53,74,031","63.91"
"INFY","EQ","18-Aug-2026","1,139.90","1,124.50","1,131.90","1,112.50","1,115.00","1,115.00","1,116.78","88,51,110","9,88,47,51,133.50","1,97,181","53,21,015","60.12"
"INFY","EQ","17-Aug-2026","1,169.20","1,163.90","1,166.50","1,129.70","1,139.90","1,139.90","1,142.87","58,17,153","6,64,82,63,350.20","1,47,213","28,49,720","48.99"
"INFY","EQ","14-Aug-2026","1,175.00","1,170.40","1,174.10","1,158.90","1,169.20","1,169.20","1,166.93","58,44,763","6,82,04,53,891.50","1,36,821","34,93,653","59.77"
"INFY","EQ","13-Aug-2026","1,176.10","1,170.00","1,175.00","1,157.00","1,175.00","1,175.00","1,166.54","62,34,215","7,27,24,56,244.70","1,25,625","33,69,872","54.05"
"INFY","EQ","12-Aug-2026","1,190.70","1,185.60","1,190.40","1,163.30","1,176.10","1,176.10","1,173.38","75,29,777","8,83,52,93,993.20","1,71,090","45,13,205","59.94"
"INFY","EQ","11-Aug-2026","1,183.00","1,188.00","1,193.50","1,182.00","1,190.70","1,190.70","1,188.94","1,01,60,091","12,07,97,53,116.30","1,69,719","57,03,511","56.14"
"INFY","EQ","10-Aug-2026","1,175.10","1,178.10","1,195.00","1,175.20","1,183.00","1,183.00","1,185.17","93,77,001","11,11,33,17,655.60","1,58,965","49,63,541","52.93"
"INFY","EQ","07-Aug-2026","1,165.00","1,160.00","1,183.00","1,155.60","1,175.10","1,175.10","1,175.23","75,81,410","8,90,98,96,939.80","1,76,650","41,82,909","55.17"
"INFY","EQ","06-Aug-2026","1,174.00","1,174.10","1,185.80","1,163.00","1,165.00","1,165.00","1,169.30","85,21,064","9,96,37,00,971.80","1,75,674","43,55,569","51.12"
"INFY","EQ","05-Aug-2026","1,167.50","1,174.70","1,177.50","1,162.30","1,174.00","1,174.00","1,168.01","99,64,155","11,63,82,59,746.10","1,32,200","51,86,041","52.05"
"INFY","EQ","04-Aug-2026","1,180.00","1,168.00","1,175.70","1,153.30","1,167.50","1,167.50","1,160.52","92,43,589","10,72,74,10,174.00","1,30,401","50,31,857","54.44"
"INFY","EQ","03-Aug-2026","1,130.10","1,145.10","1,180.00","1,138.10","1,180.00","1,180.00","1,160.88","85,82,270","9,96,29,89,189.50","1,57,993","42,22,831","49.20"
"INFY","EQ","31-Jul-2026","1,155.10","1,118.90","1,139.30","1,107.20","1,129.90","1,130.10","1,128.12","1,43,67,075","16,20,77,71,804.10","2,71,437","70,32,188","48.95"
"INFY","EQ","30-Jul-2026","1,155.60","1,168.00","1,187.70","1,151.30","1,155.00","1,155.10","1,173.03","2,26,30,218","26,54,58,97,058.20","4,13,605","1,24,57,743","55.05"
"INFY","EQ","29-Jul-2026","1,105.70","1,147.00","1,164.50","1,128.40","1,153.50","1,155.60","1,152.38","3,44,00,369","39,64,21,72,401.80","4,59,638","2,01,31,710","58.52"
"INFY","EQ","28-Jul-2026","1,079.20","1,097.00","1,118.50","1,097.00","1,105.00","1,105.70","1,108.56","2,81,00,895","31,15,15,07,286.70","3,16,063","1,65,12,178","58.76"
"INFY","EQ","27-Jul-2026","1,040.90","1,065.00","1,082.00","1,057.40","1,078.30","1,079.20","1,075.47","1,59,56,349","17,16,05,07,472.60","2,41,917","83,71,338","52.46"
"INFY","EQ","24-Jul-2026","1,047.40","1,028.00","1,043.40","1,013.90","1,039.00","1,040.90","1,030.11","2,90,36,900","29,91,12,99,063.80","3,90,894","1,60,78,498","55.37"
"INFY","EQ","23-Jul-2026","1,052.10","1,046.90","1,058.50","1,032.00","1,052.90","1,047.40","1,045.50","1,37,94,578","14,42,22,43,163.20","2,12,403","71,35,991","51.73"
"INFY","EQ","22-Jul-2026","1,073.50","1,064.00","1,069.30","1,046.20","1,052.00","1,052.10","1,054.05","75,17,203","7,92,35,24,641.50","2,07,323","42,34,284","56.33"
"INFY","EQ","21-Jul-2026","1,087.10","1,080.00","1,094.50","1,067.20","1,070.60","1,073.50","1,074.70","94,85,229","10,19,38,02,082.30","1,87,625","54,21,121","57.15"
"INFY","EQ","20-Jul-2026","1,096.50","1,102.00","1,103.80","1,083.20","1,087.60","1,087.10","1,091.72","63,72,645","6,95,71,62,725.00","1,55,749","33,75,183","52.96"
"INFY","EQ","17-Jul-2026","1,082.40","1,105.00","1,116.80","1,092.00","1,094.20","1,096.50","1,102.00","1,25,47,728","13,82,75,61,159.30","1,70,273","61,30,365","48.86"
"INFY","EQ","16-Jul-2026","1,076.30","1,082.50","1,097.30","1,077.90","1,085.00","1,082.40","1,088.27","85,92,146","9,35,05,44,952.20","1,73,656","45,47,577","52.93"
"INFY","EQ","15-Jul-2026","1,092.90","1,079.00","1,088.10","1,073.00","1,077.40","1,076.30","1,079.35","85,01,933","9,17,65,60,288.40","1,75,275","37,60,766","44.23"
"INFY","EQ","14-Jul-2026","1,102.60","1,107.80","1,113.50","1,090.00","1,092.10","1,092.90","1,099.29","1,48,19,413","16,29,09,05,496.60","2,64,399","74,71,404","50.42"
"INFY","EQ","13-Jul-2026","1,068.00","1,057.10","1,114.90","1,057.10","1,102.60","1,102.60","1,095.60","2,09,94,760","23,00,19,58,436.30","3,38,475","1,09,37,818","52.10"
"INFY","EQ","10-Jul-2026","1,050.80","1,075.00","1,091.30","1,064.70","1,068.70","1,068.00","1,071.86","97,47,266","10,44,76,88,759.10","2,23,565","48,65,063","49.91"
"INFY","EQ","09-Jul-2026","1,069.30","1,062.70","1,062.70","1,040.40","1,055.30","1,050.80","1,052.44","90,03,333","9,47,54,52,928.90","1,74,766","33,45,409","37.16"
"INFY","EQ","08-Jul-2026","1,071.80","1,071.90","1,079.70","1,064.40","1,069.00","1,069.30","1,070.65","1,30,22,221","13,94,21,82,222.50","2,13,848","80,51,297","61.83"
"INFY","EQ","07-Jul-2026","1,042.20","1,040.60","1,087.50","1,040.60","1,071.90","1,071.80","1,074.93","1,88,66,296","20,27,99,30,819.60","3,32,585","92,28,289","48.91"
"INFY","EQ","06-Jul-2026","1,047.20","1,050.10","1,053.00","1,033.00","1,043.80","1,042.20","1,039.08","55,59,747","5,77,70,24,579.70","1,20,352","29,25,455","52.62"
"INFY","EQ","03-Jul-2026","1,040.90","1,063.00","1,068.70","1,042.00","1,047.10","1,047.20","1,051.35","1,16,53,534","12,25,19,84,529.00","3,06,437","56,80,079","48.74"
"INFY","EQ","02-Jul-2026","985.30","1,006.40","1,045.00","1,006.00","1,042.60","1,040.90","1,034.09","1,87,41,111","19,37,99,13,697.50","3,18,388","79,99,570","42.68"
"INFY","EQ","01-Jul-2026","1,000.40","1,006.00","1,014.00","982.40","986.00","985.30","993.98","1,30,37,982","12,95,94,56,154.70","3,01,193","69,41,533","53.24"
"INFY","EQ","30-Jun-2026","1,036.70","1,030.00","1,030.40","996.00","1,006.00","1,000.40","1,007.28","2,41,28,263","24,30,39,60,220.50","4,40,240","1,30,58,140","54.12"
"INFY","EQ","29-Jun-2026","1,041.20","1,037.10","1,046.60","1,029.10","1,034.00","1,036.70","1,035.17","1,50,80,892","15,61,12,16,315.10","2,48,692","89,09,976","59.08"
"INFY","BL","29-Jun-2026","1,029.30","1,034.00","1,034.00","1,034.00","1,034.00","1,034.00","1,034.00","5,14,800","53,23,03,200.00","1","-","-"
"INFY","EQ","25-Jun-2026","1,056.60","1,065.00","1,068.00","1,039.10","1,042.90","1,041.20","1,048.00","1,58,66,779","16,62,84,60,525.50","2,75,365","91,12,752","57.43"
"INFY","EQ","24-Jun-2026","1,029.30","1,040.90","1,065.50","1,037.70","1,056.00","1,056.60","1,050.65","1,23,46,266","12,97,16,00,161.40","2,16,180","55,58,437","45.02"
"INFY","BL","24-Jun-2026","1,505.00","1,029.30","1,029.30","1,029.30","1,029.30","1,029.30","1,029.30","6,13,120","63,10,84,416.00","1","-","-"
"INFY","EQ","23-Jun-2026","1,065.40","1,053.80","1,055.30","1,026.00","1,029.00","1,029.30","1,034.72","1,93,23,064","19,99,40,16,676.90","4,04,611","97,57,180","50.49"
"INFY","EQ","22-Jun-2026","1,051.40","1,055.00","1,080.30","1,055.00","1,065.00","1,065.40","1,067.86","1,01,78,505","10,86,91,91,699.80","1,90,156","42,36,224","41.62"
"INFY","EQ","19-Jun-2026","1,127.50","1,062.30","1,066.00","1,030.00","1,054.20","1,051.40","1,043.82","4,56,65,442","47,66,66,65,585.60","7,65,616","2,25,06,869","49.29"
"INFY","EQ","18-Jun-2026","1,157.70","1,142.90","1,142.90","1,125.30","1,127.40","1,127.50","1,130.34","1,67,81,447","18,96,87,61,942.20","2,13,308","96,21,856","57.34"
"INFY","EQ","17-Jun-2026","1,143.60","1,149.00","1,162.50","1,148.00","1,156.00","1,157.70","1,157.38","59,95,119","6,93,86,01,945.20","1,25,573","28,18,504","47.01"
"INFY","EQ","16-Jun-2026","1,134.90","1,136.90","1,153.80","1,123.20","1,145.00","1,143.60","1,140.85","1,04,56,090","11,92,88,04,188.90","1,62,431","50,98,711","48.76"
"INFY","EQ","15-Jun-2026","1,116.40","1,130.00","1,151.00","1,123.00","1,135.60","1,134.90","1,135.97","78,56,192","8,92,43,77,450.20","1,29,357","39,64,378","50.46"
"INFY","EQ","12-Jun-2026","1,114.60","1,120.00","1,123.30","1,111.50","1,118.50","1,116.40","1,116.40","80,75,333","9,01,53,14,182.30","1,51,562","49,56,397","61.38"
"INFY","EQ","11-Jun-2026","1,145.30","1,129.70","1,133.70","1,109.00","1,119.50","1,114.60","1,116.74","93,72,176","10,46,62,92,643.10","2,45,811","41,16,938","43.93"
"INFY","EQ","10-Jun-2026","1,180.30","1,160.10","1,171.40","1,143.30","1,144.00","1,145.30","1,154.24","88,87,626","10,25,84,50,697.60","1,74,623","42,58,395","47.91"
"INFY","EQ","09-Jun-2026","1,187.60","1,193.60","1,193.60","1,167.30","1,181.70","1,180.30","1,176.06","1,09,84,054","12,91,79,03,889.00","1,90,190","53,96,204","49.13"
"INFY","EQ","08-Jun-2026","1,197.50","1,177.50","1,200.70","1,176.50","1,187.00","1,187.60","1,189.58","86,31,711","10,26,81,42,160.10","1,64,182","47,35,993","54.87"
"INFY","EQ","05-Jun-2026","1,201.30","1,220.00","1,223.80","1,194.30","1,199.00","1,197.50","1,201.93","86,92,290","10,44,75,14,955.60","1,38,390","49,02,149","56.40"
"INFY","EQ","04-Jun-2026","1,222.60","1,208.00","1,215.20","1,196.20","1,204.40","1,201.30","1,203.46","1,27,55,957","15,35,12,98,787.80","2,06,266","59,34,118","46.52"
"INFY","EQ","03-Jun-2026","1,270.80","1,242.10","1,249.90","1,216.00","1,220.50","1,222.60","1,225.95","1,85,34,303","22,72,21,20,449.40","3,53,815","1,06,26,302","57.33"
"INFY","EQ","02-Jun-2026","1,202.50","1,232.50","1,278.90","1,232.50","1,270.00","1,270.80","1,263.28","3,60,32,600","45,51,91,12,148.80","4,97,139","2,09,83,487","58.23"
"INFY","EQ","01-Jun-2026","1,160.90","1,175.00","1,217.00","1,173.70","1,203.50","1,202.50","1,205.22","1,94,39,331","23,42,86,14,350.30","2,61,853","82,38,710","42.38"
"INFY","EQ","29-May-2026","1,159.90","1,182.00","1,210.00","1,153.60","1,156.40","1,160.90","1,169.50","6,90,85,430","80,79,53,33,060.80","3,92,999","4,79,11,031","69.35"
"INFY","EQ","27-May-2026","1,167.70","1,161.00","1,167.30","1,155.00","1,162.00","1,159.90","1,160.50","63,71,871","7,39,45,29,529.50","1,35,727","25,85,058","40.57"
"INFY","EQ","26-May-2026","1,168.50","1,166.30","1,180.70","1,162.90","1,166.00","1,167.70","1,172.18","80,05,767","9,38,41,92,190.60","1,51,193","43,23,399","54.00"
"INFY","EQ","25-May-2026","1,174.50","1,183.00","1,185.00","1,166.10","1,168.00","1,168.50","1,173.45","58,56,136","6,87,18,86,851.00","1,02,287","32,85,372","56.10"
"INFY","EQ","22-May-2026","1,181.20","1,182.50","1,191.80","1,172.50","1,175.00","1,174.50","1,179.30","88,03,066","10,38,14,17,170.70","1,52,471","58,07,661","65.97"
"INFY","EQ","21-May-2026","1,193.70","1,196.10","1,201.80","1,177.00","1,178.20","1,181.20","1,185.68","1,00,21,033","11,88,17,71,275.10","1,92,009","52,05,193","51.94"
"INFY","EQ","20-May-2026","1,196.90","1,187.00","1,206.90","1,184.90","1,190.00","1,193.70","1,195.38","1,51,21,010","18,07,53,35,888.50","1,80,970","1,05,10,891","69.51"
"INFY","EQ","19-May-2026","1,142.50","1,162.00","1,198.40","1,162.00","1,194.00","1,196.90","1,190.55","3,21,75,705","38,30,68,60,777.50","3,77,426","2,21,02,537","68.69"
"INFY","EQ","18-May-2026","1,119.00","1,119.00","1,146.10","1,118.00","1,145.60","1,142.50","1,134.98","1,20,96,377","13,72,91,12,433.30","3,22,692","60,58,529","50.09"
"INFY","EQ","15-May-2026","1,095.00","1,102.00","1,133.20","1,101.60","1,116.00","1,119.00","1,120.63","1,74,82,450","19,59,13,03,917.70","2,43,995","1,08,52,181","62.07"
"INFY","EQ","14-May-2026","1,123.10","1,119.80","1,121.90","1,089.00","1,094.10","1,095.00","1,098.25","1,69,14,842","18,57,66,54,825.50","5,61,427","94,37,024","55.79"
"INFY","EQ","13-May-2026","1,140.30","1,136.60","1,142.60","1,121.00","1,123.40","1,123.10","1,128.99","66,64,111","7,52,37,46,916.20","2,29,143","35,33,941","53.03"
"INFY","EQ","12-May-2026","1,177.00","1,162.00","1,162.00","1,123.00","1,139.70","1,140.30","1,137.20","1,68,91,948","19,20,94,76,661.90","3,59,355","86,94,986","51.47"
"INFY","EQ","11-May-2026","1,179.20","1,176.00","1,187.00","1,172.10","1,176.00","1,177.00","1,180.51","73,36,288","8,66,05,45,241.40","1,54,970","45,03,512","61.39"
"INFY","EQ","08-May-2026","1,162.70","1,161.00","1,183.50","1,158.80","1,179.50","1,179.20","1,174.01","75,82,770","8,90,22,53,764.70","1,48,760","42,85,714","56.52"
"INFY","EQ","07-May-2026","1,167.20","1,173.00","1,175.40","1,159.20","1,165.90","1,162.70","1,166.46","1,20,13,987","14,01,37,85,057.40","1,93,359","67,95,220","56.56"
"INFY","EQ","06-May-2026","1,178.10","1,187.00","1,191.50","1,164.10","1,170.50","1,167.20","1,172.21","98,56,963","11,55,43,82,987.30","2,02,253","57,53,750","58.37"
"INFY","EQ","05-May-2026","1,168.40","1,169.50","1,185.20","1,160.10","1,177.60","1,178.10","1,174.90","81,64,108","9,59,19,73,587.00","1,62,395","31,79,505","38.94"
"INFY","EQ","04-May-2026","1,181.80","1,195.00","1,195.00","1,165.20","1,168.00","1,168.40","1,175.30","77,35,811","9,09,19,29,599.20","1,92,293","42,58,976","55.06"
"INFY","EQ","30-Apr-2026","1,167.50","1,167.50","1,189.80","1,159.60","1,182.60","1,181.80","1,178.22","1,22,05,669","14,38,10,16,153.80","2,74,308","52,51,658","43.03"
"INFY","EQ","29-Apr-2026","1,152.10","1,158.50","1,178.20","1,156.80","1,167.10","1,167.50","1,170.79","83,03,109","9,72,11,82,659.70","1,95,759","44,21,835","53.26"
"INFY","EQ","28-Apr-2026","1,170.30","1,162.70","1,169.40","1,149.80","1,151.00","1,152.10","1,155.41","1,27,20,276","14,69,71,31,325.40","3,24,704","61,23,998","48.14"
"INFY","EQ","27-Apr-2026","1,154.60","1,154.60","1,179.90","1,154.50","1,172.90","1,170.30","1,172.14","1,95,79,883","22,95,04,22,792.30","3,69,480","1,27,26,126","65.00"
"INFY","EQ","24-Apr-2026","1,240.60","1,200.00","1,223.90","1,152.20","1,154.80","1,154.60","1,176.27","4,20,78,914","49,49,59,91,824.80","8,53,322","2,42,67,713","57.67"
"INFY","EQ","23-Apr-2026","1,268.60","1,254.00","1,265.70","1,226.00","1,231.80","1,240.60","1,250.48","1,47,92,854","18,49,82,35,558.90","3,01,379","78,21,073","52.87"
"INFY","EQ","22-Apr-2026","1,313.20","1,295.00","1,297.70","1,255.90","1,268.80","1,268.60","1,269.30","2,00,88,378","25,49,82,72,367.70","4,77,139","1,09,62,883","54.57"
"INFY","EQ","21-Apr-2026","1,312.60","1,310.00","1,325.00","1,299.30","1,314.50","1,313.20","1,313.32","1,00,57,440","13,20,85,88,335.20","2,58,765","42,26,621","42.02"
"INFY","EQ","20-Apr-2026","1,318.70","1,320.00","1,324.90","1,308.10","1,310.00","1,312.60","1,315.09","71,72,300","9,43,22,44,509.90","2,47,560","37,64,728","52.49"
"INFY","EQ","17-Apr-2026","1,319.20","1,313.00","1,328.30","1,306.10","1,320.00","1,318.70","1,314.73","1,20,64,048","15,86,09,72,369.80","2,59,325","72,21,032","59.86"
"INFY","EQ","16-Apr-2026","1,305.30","1,322.10","1,331.00","1,309.00","1,316.00","1,319.20","1,318.24","1,85,27,029","24,42,31,15,279.40","2,57,560","76,27,528","41.17"
"INFY","EQ","15-Apr-2026","1,276.80","1,306.30","1,322.50","1,300.50","1,305.00","1,305.30","1,307.53","1,20,98,912","15,81,97,28,646.70","2,44,777","63,97,523","52.88"
"INFY","EQ","13-Apr-2026","1,292.50","1,272.00","1,289.00","1,265.70","1,276.00","1,276.80","1,274.61","1,03,66,082","13,21,27,54,169.50","2,39,931","34,88,997","33.66"
"INFY","EQ","10-Apr-2026","1,331.60","1,318.00","1,318.90","1,283.30","1,291.40","1,292.50","1,292.69","1,92,33,369","24,86,27,18,008.90","4,00,593","1,01,37,268","52.71"
"INFY","EQ","09-Apr-2026","1,346.20","1,329.90","1,337.50","1,314.00","1,331.50","1,331.60","1,325.55","1,48,94,607","19,74,35,54,159.00","2,53,395","68,80,666","46.20"
"INFY","EQ","08-Apr-2026","1,339.40","1,349.00","1,376.90","1,331.00","1,346.90","1,346.20","1,344.07","1,60,30,133","21,54,56,88,181.80","3,58,674","85,77,549","53.51"
"INFY","EQ","07-Apr-2026","1,306.20","1,302.00","1,345.10","1,293.50","1,340.00","1,339.40","1,329.80","1,53,55,792","20,42,01,15,727.00","2,86,203","75,61,995","49.25"
"INFY","EQ","06-Apr-2026","1,300.80","1,301.40","1,320.00","1,299.00","1,307.00","1,306.20","1,308.79","1,02,08,682","13,36,09,81,079.30","1,78,362","60,63,879","59.40"
"INFY","EQ","02-Apr-2026","1,275.70","1,260.00","1,305.40","1,259.80","1,297.50","1,300.80","1,285.35","1,28,73,492","16,54,69,33,791.60","2,70,496","54,72,993","42.51"
"INFY","EQ","01-Apr-2026","1,250.60","1,290.00","1,303.00","1,269.50","1,279.00","1,275.70","1,285.76","81,37,156","10,46,24,32,396.20","1,65,242","33,25,634","40.87"
"INFY","EQ","30-Mar-2026","1,269.70","1,250.00","1,265.50","1,243.00","1,247.80","1,250.60","1,252.83","1,41,08,486","17,67,55,94,507.30","1,86,753","69,91,018","49.55"
"INFY","EQ","27-Mar-2026","1,279.10","1,285.20","1,294.80","1,263.20","1,267.50","1,269.70","1,275.47","1,30,92,541","16,69,90,80,590.00","2,54,408","66,53,171","50.82"
"INFY","EQ","25-Mar-2026","1,278.30","1,270.00","1,290.60","1,257.10","1,278.60","1,279.10","1,280.38","1,08,24,030","13,85,88,42,535.00","2,14,173","55,51,632","51.29"
"INFY","EQ","24-Mar-2026","1,256.80","1,269.00","1,297.00","1,251.00","1,280.00","1,278.30","1,281.37","1,36,13,495","17,44,39,91,145.50","3,18,400","75,79,038","55.67"
"INFY","EQ","23-Mar-2026","1,255.90","1,238.20","1,261.10","1,227.40","1,253.00","1,256.80","1,250.80","1,24,20,293","15,53,52,85,076.70","3,07,309","73,50,402","59.18"
"INFY","EQ","20-Mar-2026","1,220.80","1,242.00","1,264.80","1,229.20","1,256.00","1,255.90","1,252.63","2,72,99,975","34,19,68,97,254.40","2,84,225","1,36,70,533","50.08"
"INFY","EQ","19-Mar-2026","1,267.10","1,244.20","1,255.00","1,215.10","1,226.00","1,220.80","1,229.30","91,56,461","11,25,60,74,115.00","2,16,034","39,27,850","42.90"
"INFY","EQ","18-Mar-2026","1,232.90","1,238.00","1,290.80","1,234.90","1,266.70","1,267.10","1,273.96","1,23,65,381","15,75,29,43,986.60","2,50,603","60,63,376","49.04"
"INFY","EQ","17-Mar-2026","1,249.80","1,245.00","1,245.00","1,215.10","1,234.00","1,232.90","1,231.34","1,12,23,276","13,81,96,36,472.40","3,10,645","50,64,325","45.12"
"INFY","EQ","16-Mar-2026","1,248.30","1,240.20","1,254.30","1,224.20","1,245.50","1,249.80","1,240.47","1,23,14,450","15,27,57,03,036.90","2,29,608","61,70,064","50.10"
"INFY","EQ","13-Mar-2026","1,265.80","1,251.00","1,269.60","1,242.60","1,250.40","1,248.30","1,253.62","73,66,098","9,23,42,98,649.00","2,19,682","34,76,334","47.19"
"INFY","EQ","12-Mar-2026","1,276.30","1,272.50","1,278.60","1,258.00","1,265.90","1,265.80","1,268.31","75,99,940","9,63,91,08,719.00","2,46,055","33,60,894","44.22"
"INFY","EQ","11-Mar-2026","1,295.60","1,288.00","1,299.50","1,271.30","1,275.80","1,276.30","1,283.20","78,68,891","10,09,73,31,387.10","1,99,350","36,01,915","45.77"
"INFY","EQ","10-Mar-2026","1,315.00","1,320.00","1,321.00","1,284.10","1,296.50","1,295.60","1,295.54","96,00,171","12,43,73,87,150.10","2,33,660","27,82,988","28.99"
"INFY","EQ","09-Mar-2026","1,308.40","1,290.00","1,318.00","1,282.50","1,316.00","1,315.00","1,300.34","1,00,68,514","13,09,25,20,668.10","2,19,959","53,64,924","53.28"
"INFY","EQ","06-Mar-2026","1,305.80","1,303.00","1,327.20","1,303.00","1,311.00","1,308.40","1,313.84","87,24,291","11,46,23,28,914.00","1,78,932","46,57,152","53.38"
"INFY","EQ","05-Mar-2026","1,307.40","1,320.00","1,320.00","1,290.10","1,305.30","1,305.80","1,301.28","1,03,62,147","13,48,40,30,416.60","1,91,689","47,69,562","46.03"
"INFY","EQ","04-Mar-2026","1,288.90","1,292.00","1,317.00","1,292.00","1,306.10","1,307.40","1,305.61","1,51,54,950","19,78,63,82,739.50","3,00,021","77,84,554","51.37"
"INFY","EQ","02-Mar-2026","1,300.10","1,291.00","1,298.80","1,273.00","1,288.90","1,288.90","1,286.79","97,00,361","12,48,23,05,603.80","2,73,789","33,64,327","34.68"
"INFY","EQ","27-Feb-2026","1,289.10","1,326.30","1,335.00","1,294.20","1,298.90","1,300.10","1,304.82","2,31,41,724","30,19,57,65,196.90","2,52,495","1,46,52,215","63.32"
"INFY","EQ","26-Feb-2026","1,290.10","1,305.50","1,314.00","1,286.30","1,291.00","1,289.10","1,296.59","1,14,93,914","14,90,29,44,240.50","2,18,393","44,28,173","38.53"
"INFY","EQ","25-Feb-2026","1,275.50","1,286.20","1,323.60","1,286.20","1,289.90","1,290.10","1,302.76","1,66,69,618","21,71,65,39,259.20","2,82,845","77,19,120","46.31"
"INFY","EQ","24-Feb-2026","1,327.50","1,301.00","1,303.60","1,264.10","1,280.20","1,275.50","1,277.70","2,78,39,061","35,56,99,25,009.70","6,75,579","1,59,53,772","57.31"
"INFY","EQ","23-Feb-2026","1,353.20","1,352.00","1,352.00","1,318.00","1,328.00","1,327.50","1,330.99","1,28,87,826","17,15,35,40,701.10","2,98,012","69,02,219","53.56"
"INFY","EQ","20-Feb-2026","1,370.50","1,359.20","1,365.00","1,338.20","1,353.00","1,353.20","1,354.72","1,26,33,552","17,11,49,83,625.40","2,28,342","57,53,712","45.54"
"INFY","EQ","19-Feb-2026","1,373.70","1,385.00","1,402.00","1,363.20","1,366.50","1,370.50","1,385.83","1,45,74,228","20,19,73,52,996.40","2,84,487","58,99,630","40.48"
"INFY","EQ","18-Feb-2026","1,391.20","1,390.90","1,401.00","1,345.30","1,372.00","1,373.70","1,366.92","2,02,41,373","27,66,83,63,802.90","3,32,674","90,98,442","44.95"
"INFY","EQ","17-Feb-2026","1,365.60","1,370.00","1,431.00","1,367.00","1,391.30","1,391.20","1,405.93","2,53,47,684","35,63,69,67,386.40","4,37,387","85,13,708","33.59"
"INFY","EQ","16-Feb-2026","1,369.10","1,373.70","1,376.00","1,338.30","1,370.00","1,365.60","1,350.57","1,46,21,891","19,74,79,51,582.00","2,65,381","68,86,286","47.10"
"INFY","EQ","13-Feb-2026","1,386.00","1,293.90","1,377.30","1,281.50","1,369.00","1,369.10","1,335.86","4,57,85,709","61,16,34,53,152.00","8,66,417","2,08,79,125","45.60"
"INFY","EQ","12-Feb-2026","1,471.90","1,428.90","1,435.70","1,380.50","1,384.10","1,386.00","1,398.59","2,60,48,896","36,43,18,34,029.50","6,97,120","1,43,78,387","55.20"
"INFY","EQ","11-Feb-2026","1,497.80","1,501.20","1,505.90","1,469.00","1,471.00","1,471.90","1,482.71","79,34,411","11,76,44,23,683.40","2,15,446","43,81,775","55.22"
"INFY","EQ","10-Feb-2026","1,497.20","1,500.00","1,515.90","1,491.00","1,495.00","1,497.80","1,501.34","86,57,000","12,99,71,37,147.00","1,93,569","40,28,941","46.54"
"INFY","EQ","09-Feb-2026","1,507.10","1,522.10","1,528.00","1,493.00","1,497.00","1,497.20","1,501.27","82,94,615","12,45,24,82,086.60","2,17,667","55,53,334","66.95"
"INFY","EQ","06-Feb-2026","1,520.20","1,522.10","1,525.00","1,480.00","1,505.70","1,507.10","1,500.77","1,39,00,866","20,86,19,38,490.90","3,78,234","83,07,735","59.76"
"INFY","EQ","05-Feb-2026","1,535.80","1,534.00","1,551.00","1,515.70","1,520.00","1,520.20","1,528.44","1,06,28,127","16,24,44,89,094.30","3,21,300","55,71,534","52.42"
"INFY","EQ","04-Feb-2026","1,656.00","1,574.00","1,584.90","1,510.10","1,534.00","1,535.80","1,539.37","2,88,28,622","44,37,79,56,079.30","7,08,823","1,56,15,829","54.17"
"INFY","EQ","03-Feb-2026","1,629.40","1,727.20","1,728.00","1,653.00","1,654.70","1,656.00","1,673.77","88,05,868","14,73,90,39,549.50","2,13,721","46,93,760","53.30"
"INFY","EQ","02-Feb-2026","1,654.50","1,662.00","1,662.00","1,618.00","1,627.00","1,629.40","1,631.44","67,84,887","11,06,91,32,917.00","2,21,651","42,84,565","63.15"
"INFY","EQ","01-Feb-2026","1,641.00","1,630.00","1,677.30","1,604.00","1,642.00","1,654.50","1,643.30","62,41,188","10,25,61,30,696.20","1,56,229","25,34,721","40.61"
"INFY","EQ","30-Jan-2026","1,659.50","1,655.00","1,655.00","1,618.10","1,642.70","1,641.00","1,634.50","92,07,926","15,05,03,41,851.30","1,67,212","62,83,488","68.24"
"INFY","EQ","29-Jan-2026","1,666.50","1,658.00","1,666.50","1,642.10","1,661.00","1,659.50","1,655.78","47,49,582","7,86,42,68,075.70","1,59,472","21,67,216","45.63"
"INFY","EQ","28-Jan-2026","1,682.70","1,680.00","1,688.80","1,650.00","1,666.00","1,666.50","1,662.80","85,88,664","14,28,12,57,133.20","1,80,512","52,18,768","60.76"
"INFY","EQ","27-Jan-2026","1,670.80","1,685.80","1,689.40","1,661.10","1,687.40","1,682.70","1,679.04","1,06,73,087","17,92,05,91,239.00","2,23,960","72,17,960","67.63"
"INFY","EQ","23-Jan-2026","1,663.50","1,667.20","1,675.70","1,662.20","1,672.00","1,670.80","1,668.83","58,69,137","9,79,45,71,597.00","1,52,342","39,40,873","67.15"
"INFY","EQ","22-Jan-2026","1,654.40","1,666.00","1,671.20","1,653.80","1,662.80","1,663.50","1,661.08","62,28,892","10,34,66,90,586.50","1,84,046","31,91,901","51.24"
"INFY","EQ","21-Jan-2026","1,658.90","1,651.00","1,657.00","1,631.20","1,655.10","1,654.40","1,648.33","62,24,582","10,26,01,52,588.00","1,95,264","33,65,346","54.07"
"INFY","EQ","20-Jan-2026","1,681.20","1,673.00","1,680.20","1,652.90","1,654.40","1,658.90","1,664.20","64,06,503","10,66,17,23,561.20","1,90,297","33,75,861","52.69"
"INFY","EQ","19-Jan-2026","1,689.80","1,685.00","1,685.00","1,666.50","1,679.90","1,681.20","1,678.98","51,04,958","8,57,11,26,563.30","1,44,195","29,76,398","58.30"
"INFY","EQ","16-Jan-2026","1,599.80","1,663.70","1,694.00","1,653.40","1,689.10","1,689.80","1,679.42","1,93,35,957","32,47,32,41,076.50","4,04,792","1,03,28,756","53.42"
"INFY","EQ","14-Jan-2026","1,599.00","1,588.00","1,617.00","1,583.10","1,608.90","1,599.80","1,598.47","75,57,157","12,07,98,66,717.30","1,57,399","40,15,848","53.14"
"INFY","EQ","13-Jan-2026","1,595.90","1,618.00","1,618.00","1,586.40","1,600.00","1,599.00","1,595.24","80,80,618","12,89,05,13,857.40","1,76,411","39,87,983","49.35"
"INFY","EQ","12-Jan-2026","1,614.10","1,610.10","1,613.30","1,592.60","1,597.60","1,595.90","1,599.67","69,85,362","11,17,42,99,825.40","2,10,446","48,91,397","70.02"
"INFY","EQ","09-Jan-2026","1,613.30","1,610.00","1,631.30","1,607.00","1,616.90","1,614.10","1,616.35","68,16,681","11,01,81,32,001.70","1,31,498","47,25,239","69.32"
"INFY","EQ","08-Jan-2026","1,639.00","1,638.90","1,644.30","1,608.60","1,612.60","1,613.30","1,619.65","39,42,131","6,38,48,66,730.40","1,30,780","19,42,792","49.28"
"INFY","EQ","07-Jan-2026","1,612.20","1,615.00","1,642.00","1,615.00","1,640.00","1,639.00","1,633.23","45,08,079","7,36,27,15,155.00","1,29,457","23,95,056","53.13"
"INFY","EQ","06-Jan-2026","1,606.40","1,600.10","1,619.90","1,599.00","1,605.00","1,612.20","1,612.25","44,66,729","7,20,15,00,282.70","1,32,512","25,59,970","57.31"
"INFY","EQ","05-Jan-2026","1,640.40","1,637.00","1,637.00","1,583.10","1,604.10","1,606.40","1,602.81","59,17,885","9,48,52,45,520.40","2,20,171","31,20,876","52.74"
"INFY","EQ","02-Jan-2026","1,629.80","1,635.90","1,643.50","1,627.50","1,642.10","1,640.40","1,638.65","25,24,526","4,13,68,08,012.60","86,514","15,86,098","62.83"
"INFY","EQ","01-Jan-2026","1,615.40","1,615.40","1,639.60","1,614.10","1,629.50","1,629.80","1,630.77","36,58,165","5,96,56,15,873.20","96,560","13,56,702","37.09"
"INFY","EQ","31-Dec-2025","1,621.60","1,621.00","1,628.60","1,609.20","1,617.90","1,615.40","1,616.58","65,38,656","10,57,02,70,246.20","1,02,413","48,19,875","73.71"
"INFY","EQ","30-Dec-2025","1,644.70","1,647.00","1,647.90","1,616.80","1,623.50","1,621.60","1,625.72","93,95,937","15,27,51,31,268.30","1,50,131","67,31,182","71.64"
"INFY","EQ","29-Dec-2025","1,656.10","1,658.00","1,673.10","1,637.10","1,645.00","1,644.70","1,647.30","40,62,817","6,69,26,75,971.00","1,03,013","20,63,179","50.78"
"INFY","EQ","26-Dec-2025","1,663.40","1,663.40","1,668.80","1,651.70","1,657.00","1,656.10","1,657.89","20,06,491","3,32,65,44,399.90","97,220","11,36,350","56.63"
"INFY","EQ","24-Dec-2025","1,668.30","1,661.00","1,667.60","1,652.50","1,667.00","1,663.40","1,660.54","42,71,167","7,09,24,30,849.40","1,42,602","16,54,750","38.74"
"INFY","EQ","23-Dec-2025","1,689.60","1,679.00","1,679.00","1,656.40","1,664.60","1,668.30","1,666.35","65,93,060","10,98,63,62,727.70","2,28,310","28,82,141","43.71"
"INFY","EQ","22-Dec-2025","1,638.70","1,664.00","1,693.20","1,664.00","1,686.00","1,689.60","1,682.86","2,30,98,923","38,87,22,18,965.50","4,12,335","1,74,33,819","75.47"
"INFY","EQ","19-Dec-2025","1,626.80","1,650.00","1,654.90","1,629.80","1,638.00","1,638.70","1,640.02","1,31,49,023","21,56,46,29,614.10","2,01,281","85,71,381","65.19"
"INFY","EQ","18-Dec-2025","1,602.00","1,610.50","1,630.00","1,606.70","1,627.10","1,626.80","1,623.68","65,77,293","10,67,94,09,219.40","2,88,341","34,52,858","52.50"
"INFY","EQ","17-Dec-2025","1,592.90","1,587.20","1,606.90","1,586.00","1,602.00","1,602.00","1,600.21","48,17,628","7,70,92,07,454.90","1,55,044","24,77,747","51.43"
"INFY","EQ","16-Dec-2025","1,606.80","1,600.00","1,603.00","1,585.60","1,592.60","1,592.90","1,591.77","54,99,258","8,75,35,33,458.70","2,20,591","27,34,561","49.73"
"INFY","EQ","15-Dec-2025","1,598.20","1,585.00","1,610.80","1,585.00","1,607.00","1,606.80","1,603.88","41,90,558","6,72,11,34,417.80","1,63,737","26,78,830","63.93"
"INFY","EQ","12-Dec-2025","1,598.00","1,601.40","1,601.80","1,582.60","1,597.50","1,598.20","1,593.93","46,33,912","7,38,61,37,017.50","1,44,042","30,98,128","66.86"
"INFY","EQ","11-Dec-2025","1,584.80","1,598.00","1,607.40","1,580.50","1,596.20","1,598.00","1,592.84","51,59,319","8,21,79,52,937.00","1,54,906","25,49,319","49.41"
"INFY","EQ","10-Dec-2025","1,599.00","1,608.00","1,608.00","1,582.80","1,584.80","1,584.80","1,590.84","51,16,140","8,13,89,64,777.00","1,91,185","35,15,380","68.71"
"INFY","EQ","09-Dec-2025","1,610.80","1,601.20","1,606.90","1,582.40","1,597.00","1,599.00","1,596.28","69,57,599","11,10,62,55,546.90","1,56,650","35,00,119","50.31"
"INFY","EQ","08-Dec-2025","1,616.20","1,617.10","1,630.00","1,600.20","1,608.00","1,610.80","1,616.80","75,50,413","12,20,75,31,800.50","3,02,234","47,14,448","62.44"
"INFY","EQ","05-Dec-2025","1,597.60","1,610.00","1,631.80","1,600.00","1,613.90","1,616.20","1,617.78","1,03,44,725","16,73,55,28,909.20","3,27,955","62,76,473","60.67"
"INFY","EQ","04-Dec-2025","1,578.70","1,568.00","1,599.00","1,568.00","1,593.20","1,597.60","1,591.52","1,26,09,619","20,06,84,24,408.50","3,25,755","79,83,181","63.31"
"INFY","EQ","03-Dec-2025","1,561.00","1,555.10","1,586.00","1,554.10","1,575.60","1,578.70","1,574.15","1,28,95,312","20,29,91,83,597.60","3,39,751","82,87,934","64.27"
"INFY","EQ","02-Dec-2025","1,564.00","1,567.00","1,579.90","1,556.10","1,563.00","1,561.00","1,564.22","63,35,969","9,91,08,27,669.40","2,43,238","33,50,493","52.88"
"INFY","EQ","01-Dec-2025","1,560.10","1,562.50","1,574.00","1,556.00","1,563.50","1,564.00","1,564.42","53,41,800","8,35,68,20,751.00","1,89,364","30,36,715","56.85"
"INFY","EQ","28-Nov-2025","1,566.40","1,565.00","1,568.40","1,557.00","1,558.10","1,560.10","1,561.93","44,53,221","6,95,56,03,409.70","1,15,190","25,81,298","57.96"
"INFY","EQ","27-Nov-2025","1,557.90","1,564.00","1,574.30","1,552.20","1,565.00","1,566.40","1,563.46","75,52,252","11,80,76,63,907.20","1,68,875","46,72,092","61.86"
"INFY","EQ","26-Nov-2025","1,530.60","1,532.10","1,560.30","1,532.10","1,557.30","1,557.90","1,550.71","75,75,038","11,74,67,21,789.00","1,22,796","45,46,624","60.02"
"INFY","EQ","25-Nov-2025","1,548.00","1,549.00","1,550.60","1,525.90","1,530.20","1,530.60","1,532.04","81,07,952","12,42,17,20,830.60","1,70,664","44,56,829","54.97"
"INFY","EQ","24-Nov-2025","1,545.00","1,563.60","1,585.00","1,541.00","1,546.20","1,548.00","1,558.71","1,92,70,381","30,03,69,94,341.40","2,67,249","1,18,31,028","61.39"
"INFY","EQ","21-Nov-2025","1,536.50","1,531.00","1,551.50","1,526.30","1,544.10","1,545.00","1,543.83","91,86,302","14,18,20,74,317.80","2,27,357","64,77,046","70.51"
"INFY","EQ","20-Nov-2025","1,541.10","1,555.00","1,555.00","1,534.00","1,536.30","1,536.50","1,539.60","73,87,584","11,37,39,29,222.90","1,74,272","36,69,775","49.67"
"INFY","EQ","19-Nov-2025","1,486.40","1,490.50","1,543.00","1,490.50","1,542.00","1,541.10","1,531.48","1,09,81,126","16,81,73,87,454.20","2,12,749","54,16,586","49.33"
"INFY","EQ","18-Nov-2025","1,507.60","1,506.00","1,506.00","1,483.20","1,486.80","1,486.40","1,489.33","75,25,119","11,20,73,98,254.70","1,64,811","34,99,941","46.51"
"INFY","EQ","17-Nov-2025","1,502.80","1,496.00","1,510.20","1,492.50","1,507.00","1,507.60","1,502.37","79,10,354","11,88,42,61,119.20","2,71,436","48,94,475","61.87"
"INFY","EQ","14-Nov-2025","1,541.80","1,520.00","1,530.00","1,488.80","1,505.80","1,502.80","1,502.86","97,39,549","14,63,71,69,031.70","2,36,102","57,02,326","58.55"
"INFY","EQ","13-Nov-2025","1,551.70","1,557.10","1,557.50","1,530.30","1,542.00","1,541.80","1,546.18","1,96,55,689","30,39,11,36,875.00","3,84,451","1,53,42,199","78.05"
"INFY","EQ","12-Nov-2025","1,530.30","1,540.00","1,559.20","1,538.10","1,550.60","1,551.70","1,551.22","1,46,35,417","22,70,27,69,740.90","3,94,127","1,09,02,389","74.49"
"INFY","EQ","11-Nov-2025","1,513.50","1,525.00","1,533.40","1,511.10","1,531.10","1,530.30","1,523.87","1,36,92,989","20,86,62,99,929.10","2,55,611","93,54,527","68.32"
"INFY","EQ","10-Nov-2025","1,476.80","1,490.10","1,520.00","1,490.00","1,515.00","1,513.50","1,510.83","97,87,975","14,78,79,62,928.50","2,23,666","58,71,349","59.99"
"INFY","EQ","07-Nov-2025","1,466.70","1,470.00","1,480.90","1,449.10","1,478.00","1,476.80","1,466.50","87,65,759","12,85,50,16,020.60","2,54,091","58,14,986","66.34"
"INFY","EQ","06-Nov-2025","1,467.90","1,478.60","1,483.00","1,461.90","1,466.50","1,466.70","1,471.99","79,44,752","11,69,46,18,273.50","2,88,667","52,96,745","66.67"
"INFY","EQ","04-Nov-2025","1,485.50","1,479.70","1,481.90","1,462.90","1,468.00","1,467.90","1,470.61","86,91,330","12,78,15,68,402.80","2,50,131","60,04,186","69.08"
"INFY","EQ","03-Nov-2025","1,482.30","1,482.30","1,491.40","1,474.20","1,486.00","1,485.50","1,482.11","54,70,600","8,10,80,37,412.10","1,66,500","31,75,928","58.05"
"INFY","EQ","31-Oct-2025","1,493.80","1,490.00","1,497.10","1,480.70","1,481.90","1,482.30","1,485.71","48,19,814","7,16,08,28,351.20","1,85,234","30,19,368","62.64"
"INFY","EQ","30-Oct-2025","1,510.40","1,507.00","1,508.20","1,489.10","1,495.00","1,493.80","1,494.92","56,08,867","8,38,48,10,481.60","1,58,047","33,18,844","59.17"
"INFY","EQ","29-Oct-2025","1,500.20","1,500.20","1,520.20","1,496.90","1,511.50","1,510.40","1,510.57","48,84,976","7,37,91,12,106.40","1,77,757","33,24,050","68.05"
"INFY","EQ","28-Oct-2025","1,504.50","1,499.70","1,506.50","1,490.50","1,502.20","1,500.20","1,497.66","82,11,019","12,29,73,45,650.30","1,85,479","42,80,959","52.14"
"INFY","EQ","27-Oct-2025","1,525.40","1,510.00","1,515.30","1,498.10","1,504.90","1,504.50","1,506.50","72,73,211","10,95,71,13,552.60","1,31,339","48,52,179","66.71"
"INFY","EQ","24-Oct-2025","1,528.50","1,539.50","1,543.00","1,518.00","1,523.90","1,525.40","1,525.75","86,52,257","13,20,11,69,899.70","2,17,512","52,08,574","60.20"
"INFY","T0","23-Oct-2025","1,472.40","1,542.00","1,552.00","1,542.00","1,545.00","1,528.50","1,546.20","5","7,731.00","5","1","20.00"
"INFY","EQ","23-Oct-2025","1,472.40","1,510.00","1,546.00","1,506.00","1,525.00","1,528.50","1,530.64","2,03,58,624","31,16,16,87,039.20","4,58,468","1,05,72,517","51.93"
"INFY","EQ","21-Oct-2025","1,460.90","1,478.00","1,486.00","1,470.00","1,471.00","1,472.40","1,476.04","16,98,704","2,50,73,52,685.60","42,723","7,31,718","43.08"
"INFY","EQ","20-Oct-2025","1,441.10","1,453.70","1,467.00","1,450.00","1,462.70","1,460.90","1,460.15","69,94,246","10,21,26,38,243.40","2,18,283","36,73,328","52.52"
"INFY","T0","20-Oct-2025","1,441.10","1,460.00","1,460.00","1,460.00","1,460.00","1,460.90","1,460.00","1","1,460.00","1","1","100.00"
"INFY","EQ","17-Oct-2025","1,471.50","1,454.90","1,458.40","1,434.00","1,440.90","1,441.10","1,444.15","1,69,59,378","24,49,18,95,479.50","4,08,253","1,02,29,755","60.32"
"INFY","EQ","16-Oct-2025","1,474.40","1,473.90","1,474.50","1,460.50","1,470.90","1,471.50","1,468.35","80,05,748","11,75,52,32,719.60","1,78,279","45,85,026","57.27"
"INFY","EQ","15-Oct-2025","1,489.90","1,483.90","1,488.60","1,467.50","1,474.40","1,474.40","1,475.22","69,86,098","10,30,60,28,748.90","1,64,747","37,18,910","53.23"
"INFY","EQ","14-Oct-2025","1,493.20","1,499.00","1,514.40","1,486.50","1,488.00","1,489.90","1,494.67","56,00,789","8,37,13,48,792.60","1,36,364","23,70,380","42.32"
"INFY","EQ","13-Oct-2025","1,514.90","1,497.00","1,504.70","1,483.40","1,492.40","1,493.20","1,492.35","58,59,355","8,74,42,11,054.50","1,44,645","31,27,396","53.37"
"INFY","EQ","10-Oct-2025","1,509.30","1,510.00","1,521.70","1,498.80","1,511.90","1,514.90","1,513.91","37,38,353","5,65,95,44,676.20","1,12,569","17,11,232","45.78"
"INFY","EQ","09-Oct-2025","1,495.00","1,502.00","1,514.00","1,487.00","1,509.70","1,509.30","1,504.17","70,28,753","10,57,24,16,602.70","1,77,885","32,44,728","46.16"
"INFY","EQ","08-Oct-2025","1,458.50","1,457.00","1,498.00","1,455.00","1,492.00","1,495.00","1,489.22","46,57,192","6,93,56,05,075.60","1,25,936","18,76,820","40.30"
"INFY","EQ","07-Oct-2025","1,476.00","1,477.70","1,482.90","1,454.00","1,458.10","1,458.50","1,463.53","55,70,320","8,15,23,22,227.90","1,71,449","22,86,466","41.05"
"INFY","EQ","06-Oct-2025","1,446.60","1,446.60","1,478.80","1,442.30","1,474.90","1,476.00","1,465.66","46,30,590","6,78,68,47,790.90","1,05,537","26,60,451","57.45"
"INFY","EQ","03-Oct-2025","1,445.80","1,439.00","1,448.30","1,433.20","1,445.50","1,446.60","1,442.27","68,77,533","9,91,92,77,058.40","1,56,026","44,65,453","64.93"
"INFY","EQ","01-Oct-2025","1,441.80","1,446.00","1,449.50","1,427.40","1,447.90","1,445.80","1,439.54","62,50,692","8,99,81,33,310.60","1,94,062","32,86,095","52.57"
"INFY","EQ","30-Sep-2025","1,441.80","1,443.00","1,452.20","1,438.10","1,442.60","1,441.80","1,443.52","75,56,305","10,90,77,07,364.40","2,47,554","45,80,587","60.62"
"INFY","EQ","29-Sep-2025","1,448.90","1,460.00","1,465.00","1,436.50","1,449.20","1,441.80","1,447.06","1,05,13,117","15,21,31,02,142.10","1,81,113","63,88,417","60.77"
"INFY","EQ","26-Sep-2025","1,484.80","1,475.00","1,478.70","1,441.20","1,452.20","1,448.90","1,457.70","85,97,058","12,53,19,71,834.70","4,45,150","61,48,956","71.52"
"INFY","EQ","25-Sep-2025","1,494.60","1,489.00","1,502.70","1,476.50","1,491.20","1,484.80","1,487.92","94,91,867","14,12,31,54,812.70","1,85,456","64,51,951","67.97"
"INFY","EQ","24-Sep-2025","1,497.50","1,487.20","1,496.70","1,482.70","1,494.90","1,494.60","1,490.99","49,37,004","7,36,10,23,173.70","1,43,787","30,49,963","61.78"
"INFY","EQ","23-Sep-2025","1,499.50","1,493.00","1,513.00","1,493.00","1,500.60","1,497.50","1,500.60","98,32,164","14,75,41,26,838.70","1,64,451","58,82,928","59.83"
"INFY","EQ","22-Sep-2025","1,540.20","1,482.70","1,514.70","1,482.00","1,500.90","1,499.50","1,499.71","1,56,55,204","23,47,83,11,082.40","4,36,891","98,98,677","63.23"
"INFY","EQ","19-Sep-2025","1,540.60","1,544.60","1,551.30","1,520.10","1,543.90","1,540.20","1,536.05","1,29,88,129","19,95,04,22,136.70","1,52,059","93,58,468","72.05"
"INFY","EQ","18-Sep-2025","1,522.40","1,550.00","1,555.00","1,538.50","1,541.10","1,540.60","1,545.13","93,31,945","14,41,90,61,402.30","3,41,731","49,43,336","52.97"
"INFY","EQ","17-Sep-2025","1,511.30","1,516.90","1,526.70","1,514.00","1,521.50","1,522.40","1,521.42","47,95,698","7,29,62,93,565.90","1,37,197","28,69,131","59.83"
"INFY","BL","16-Sep-2025","1,525.60","1,505.00","1,505.00","1,505.00","1,505.00","1,505.00","1,505.00","3,03,400","45,66,17,000.00","1","-","-"
"INFY","EQ","16-Sep-2025","1,508.40","1,508.40","1,514.00","1,503.50","1,513.50","1,511.30","1,507.82","89,23,112","13,45,44,16,476.30","2,02,258","60,05,480","67.30"
"INFY","EQ","15-Sep-2025","1,525.60","1,525.60","1,527.50","1,501.20","1,508.50","1,508.40","1,509.78","61,67,414","9,31,14,10,949.80","1,73,954","38,57,286","62.54"
"INFY","BL","15-Sep-2025","1,432.90","1,525.60","1,525.60","1,525.60","1,525.60","1,525.60","1,525.60","2,22,653","33,96,79,416.80","1","-","-"
"INFY","EQ","12-Sep-2025","1,509.70","1,537.00","1,542.90","1,521.10","1,524.10","1,525.60","1,529.87","1,28,56,963","19,66,94,25,031.10","3,32,492","72,55,565","56.43"
"INFY","EQ","11-Sep-2025","1,532.60","1,523.90","1,527.50","1,506.50","1,512.20","1,509.70","1,512.35","80,03,662","12,10,43,67,139.30","2,25,605","37,63,481","47.02"
"INFY","EQ","10-Sep-2025","1,504.30","1,510.10","1,534.90","1,509.30","1,532.00","1,532.60","1,528.49","72,81,071","11,12,90,62,219.70","2,09,861","41,86,447","57.50"
"INFY","BL","09-Sep-2025","1,574.00","1,432.90","1,432.90","1,432.90","1,432.90","1,432.90","1,432.90","9,69,639","1,38,93,95,723.10","2","-","-"
"INFY","EQ","09-Sep-2025","1,432.90","1,481.00","1,507.20","1,472.50","1,502.40","1,504.30","1,495.04","1,30,72,640","19,54,41,74,524.90","3,02,959","49,26,732","37.69"
"INFY","EQ","08-Sep-2025","1,444.60","1,451.00","1,458.00","1,428.30","1,436.10","1,432.90","1,436.94","38,11,567","5,47,69,95,827.20","1,51,828","21,24,706","55.74"
"INFY","EQ","05-Sep-2025","1,463.00","1,470.00","1,472.70","1,433.00","1,446.00","1,444.60","1,445.24","54,66,487","7,90,03,95,050.80","1,66,130","29,17,689","53.37"
"INFY","EQ","04-Sep-2025","1,479.10","1,484.00","1,484.00","1,460.10","1,461.50","1,463.00","1,469.07","57,87,724","8,50,25,79,414.80","1,87,871","26,16,216","45.20"
"INFY","EQ","03-Sep-2025","1,498.70","1,500.00","1,501.90","1,473.00","1,480.00","1,479.10","1,479.49","46,23,483","6,84,03,88,121.30","1,94,968","29,29,170","63.35"
"INFY","EQ","02-Sep-2025","1,499.40","1,499.40","1,512.80","1,486.30","1,494.00","1,498.70","1,501.52","52,18,763","7,83,60,67,856.90","2,30,255","25,90,726","49.64"
"INFY","EQ","01-Sep-2025","1,469.60","1,476.70","1,503.40","1,476.20","1,500.60","1,499.40","1,497.49","45,46,057","6,80,76,59,263.50","2,51,323","24,42,325","53.72"
"INFY","EQ","29-Aug-2025","1,500.10","1,501.90","1,501.90","1,467.70","1,469.00","1,469.60","1,479.78","81,69,075","12,08,84,73,402.60","1,80,969","52,02,956","63.69"
"INFY","EQ","28-Aug-2025","1,529.60","1,529.60","1,529.60","1,498.00","1,503.00","1,500.10","1,505.61","54,43,364","8,19,56,06,188.20","1,91,326","29,91,520","54.96"
"INFY","EQ","26-Aug-2025","1,532.10","1,523.00","1,538.40","1,518.60","1,525.80","1,529.60","1,528.71","1,59,94,798","24,45,13,97,801.60","2,29,265","1,22,24,013","76.42"
"INFY","EQ","25-Aug-2025","1,487.50","1,506.70","1,539.00","1,506.70","1,533.30","1,532.10","1,529.98","1,06,94,531","16,36,24,27,034.30","2,93,354","71,84,403","67.18"
"INFY","EQ","22-Aug-2025","1,496.40","1,498.10","1,504.30","1,486.10","1,487.90","1,487.50","1,492.10","55,43,397","8,27,13,10,707.60","1,81,180","42,16,371","76.06"
"INFY","EQ","21-Aug-2025","1,496.20","1,508.00","1,508.00","1,484.30","1,495.50","1,496.40","1,497.17","65,65,539","9,82,97,15,323.00","2,08,499","42,17,557","64.24"
"INFY","EQ","20-Aug-2025","1,440.00","1,440.70","1,499.00","1,440.70","1,495.10","1,496.20","1,482.74","1,04,13,061","15,43,98,23,972.40","3,07,308","61,06,477","58.64"
"INFY","EQ","19-Aug-2025","1,435.80","1,432.70","1,449.40","1,432.70","1,442.50","1,440.00","1,442.34","39,86,094","5,74,93,06,331.60","1,47,879","23,39,803","58.70"
"INFY","EQ","18-Aug-2025","1,447.70","1,464.70","1,464.70","1,429.60","1,436.00","1,435.80","1,438.72","72,54,561","10,43,72,79,703.70","1,82,842","52,65,537","72.58"
"INFY","EQ","14-Aug-2025","1,426.60","1,426.20","1,470.00","1,426.20","1,448.00","1,447.70","1,451.87","1,29,02,347","18,73,25,83,333.60","2,16,803","73,59,040","57.04"
"INFY","EQ","13-Aug-2025","1,424.10","1,425.00","1,434.00","1,422.40","1,426.40","1,426.60","1,427.16","1,03,18,063","14,72,55,70,609.00","2,82,240","80,02,958","77.56"
"INFY","EQ","12-Aug-2025","1,428.20","1,428.20","1,441.00","1,421.00","1,425.80","1,424.10","1,431.09","98,99,184","14,16,66,00,704.20","2,96,874","63,95,956","64.61"
"INFY","EQ","11-Aug-2025","1,423.10","1,419.90","1,433.40","1,414.00","1,426.00","1,428.20","1,425.61","66,25,368","9,44,51,85,928.90","2,87,957","48,05,556","72.53"
"INFY","EQ","08-Aug-2025","1,436.90","1,425.00","1,433.20","1,417.10","1,424.00","1,423.10","1,424.44","1,00,48,009","14,31,27,81,899.70","3,10,037","73,18,471","72.84"
"INFY","EQ","07-Aug-2025","1,436.70","1,430.00","1,442.00","1,414.20","1,441.00","1,436.90","1,428.81","98,92,020","14,13,37,71,799.70","2,74,685","69,76,762","70.53"
"INFY","EQ","06-Aug-2025","1,460.30","1,452.00","1,456.10","1,430.30","1,433.00","1,436.70","1,440.41","1,05,66,934","15,22,06,82,581.70","3,24,361","84,02,195","79.51"
"INFY","EQ","05-Aug-2025","1,480.50","1,478.70","1,478.70","1,455.00","1,460.00","1,460.30","1,461.05","1,02,13,323","14,92,22,02,900.20","2,59,533","83,24,578","81.51"
"INFY","EQ","04-Aug-2025","1,469.60","1,461.50","1,482.80","1,451.00","1,480.70","1,480.50","1,469.55","86,10,216","12,65,31,81,879.40","2,03,292","61,99,318","72.00"
"INFY","EQ","01-Aug-2025","1,509.00","1,493.90","1,498.70","1,465.50","1,468.30","1,469.60","1,479.80","87,02,978","12,87,86,42,442.30","2,45,779","61,75,548","70.96"
"INFY","EQ","31-Jul-2025","1,519.00","1,509.70","1,527.10","1,497.00","1,508.90","1,509.00","1,510.45","68,51,407","10,34,86,81,107.70","2,44,747","44,49,459","64.94"
"INFY","EQ","30-Jul-2025","1,513.70","1,519.90","1,521.70","1,506.00","1,518.00","1,519.00","1,515.04","57,19,051","8,66,45,75,239.60","1,17,771","42,45,214","74.23"
"INFY","EQ","29-Jul-2025","1,516.00","1,512.90","1,517.20","1,496.10","1,513.50","1,513.70","1,509.14","70,70,448","10,67,02,96,870.50","2,29,718","52,50,641","74.26"
"INFY","EQ","28-Jul-2025","1,515.70","1,513.90","1,519.30","1,482.50","1,514.90","1,516.00","1,508.30","64,39,855","9,71,32,23,437.60","2,09,764","41,08,515","63.80"
"INFY","EQ","25-Jul-2025","1,552.50","1,543.40","1,549.50","1,511.30","1,518.50","1,515.70","1,523.67","1,08,51,259","16,53,37,25,148.10","2,41,673","78,36,226","72.21"
"INFY","EQ","24-Jul-2025","1,574.50","1,580.00","1,582.00","1,548.20","1,553.00","1,552.50","1,557.81","1,41,69,664","22,07,36,17,144.50","2,70,970","86,07,462","60.75"
"INFY","EQ","23-Jul-2025","1,570.90","1,576.30","1,591.90","1,550.00","1,558.90","1,574.50","1,580.42","80,35,026","12,69,87,18,376.80","1,73,368","56,48,616","70.30"
"INFY","EQ","22-Jul-2025","1,584.30","1,565.00","1,585.80","1,565.00","1,575.00","1,570.90","1,574.26","84,73,741","13,33,98,59,186.70","1,76,472","59,03,590","69.67"
"INFY","EQ","21-Jul-2025","1,586.10","1,580.00","1,589.00","1,566.80","1,585.60","1,584.30","1,579.48","36,82,661","5,81,67,01,900.10","1,23,969","22,04,654","59.87"
"INFY","EQ","18-Jul-2025","1,583.50","1,592.10","1,599.30","1,580.00","1,588.20","1,586.10","1,586.74","51,61,833","8,19,05,10,577.60","1,13,626","34,10,952","66.08"
"INFY","EQ","17-Jul-2025","1,607.90","1,598.00","1,610.00","1,580.10","1,581.00","1,583.50","1,590.26","73,74,814","11,72,78,38,015.50","1,71,441","48,91,751","66.33"
"INFY","EQ","16-Jul-2025","1,585.60","1,579.00","1,612.00","1,578.50","1,609.00","1,607.90","1,601.98","62,23,491","9,96,99,27,355.90","1,44,773","43,14,184","69.32"
"INFY","EQ","15-Jul-2025","1,570.30","1,565.10","1,603.60","1,564.00","1,587.20","1,585.60","1,586.28","76,14,807","12,07,92,52,385.60","2,08,916","45,62,656","59.92"
"INFY","EQ","14-Jul-2025","1,594.90","1,591.80","1,591.80","1,559.80","1,570.50","1,570.30","1,569.39","91,73,426","14,39,66,57,160.90","3,34,884","66,21,085","72.18"
"INFY","EQ","11-Jul-2025","1,615.80","1,579.10","1,607.10","1,563.00","1,594.50","1,594.90","1,590.33","1,13,91,755","18,11,65,97,961.40","4,24,033","68,45,235","60.09"
"INFY","EQ","10-Jul-2025","1,633.70","1,638.90","1,638.90","1,607.10","1,618.80","1,615.80","1,617.52","53,30,179","8,62,16,69,458.80","1,47,697","32,08,942","60.20"
"INFY","EQ","09-Jul-2025","1,638.70","1,637.80","1,638.00","1,623.60","1,632.70","1,633.70","1,630.89","45,80,828","7,47,08,23,010.30","1,71,713","32,12,790","70.14"
"INFY","EQ","08-Jul-2025","1,627.00","1,628.00","1,646.20","1,621.50","1,638.50","1,638.70","1,635.98","45,90,681","7,51,02,64,528.10","1,31,513","32,16,433","70.06"
"INFY","EQ","07-Jul-2025","1,640.70","1,640.00","1,644.00","1,623.00","1,626.90","1,627.00","1,630.54","32,94,523","5,37,18,40,769.70","1,27,270","20,78,408","63.09"
"INFY","EQ","04-Jul-2025","1,618.70","1,625.00","1,643.40","1,612.30","1,639.70","1,640.70","1,631.46","44,11,273","7,19,68,24,362.20","1,13,037","31,83,630","72.17"
"INFY","EQ","03-Jul-2025","1,610.50","1,618.50","1,632.40","1,615.00","1,616.90","1,618.70","1,622.33","52,59,695","8,53,29,44,662.10","1,57,372","24,32,464","46.25"
"INFY","EQ","02-Jul-2025","1,606.80","1,618.00","1,649.00","1,603.40","1,609.60","1,610.50","1,622.60","86,53,641","14,04,14,32,376.70","1,74,866","38,80,391","44.84"
"INFY","EQ","01-Jul-2025","1,601.80","1,609.00","1,617.70","1,600.50","1,603.00","1,606.80","1,607.18","41,78,937","6,71,63,11,825.10","1,51,406","26,69,320","63.88"
"INFY","EQ","30-Jun-2025","1,608.00","1,615.00","1,615.00","1,594.10","1,603.40","1,601.80","1,603.36","62,94,505","10,09,23,87,934.00","1,83,538","43,65,366","69.35"
"INFY","EQ","27-Jun-2025","1,616.00","1,619.00","1,629.60","1,602.40","1,611.00","1,608.00","1,611.01","89,12,268","14,35,77,11,409.20","1,76,021","68,43,722","76.79"
"INFY","EQ","26-Jun-2025","1,614.90","1,608.80","1,624.00","1,606.60","1,614.20","1,616.00","1,615.17","65,19,233","10,52,96,69,764.00","1,43,707","34,55,193","53.00"
"INFY","EQ","25-Jun-2025","1,581.60","1,590.00","1,619.90","1,585.10","1,612.50","1,614.90","1,608.74","78,13,533","12,56,99,66,638.70","1,87,869","53,29,529","68.21"
"INFY","EQ","24-Jun-2025","1,584.00","1,601.00","1,609.00","1,576.60","1,579.60","1,581.60","1,590.26","80,83,992","12,85,56,08,766.60","1,57,878","43,18,249","53.42"
"INFY","EQ","23-Jun-2025","1,622.90","1,601.00","1,601.00","1,575.40","1,584.70","1,584.00","1,585.78","79,43,676","12,59,69,45,674.40","2,06,475","43,45,407","54.70"
"INFY","EQ","20-Jun-2025","1,618.40","1,619.00","1,630.70","1,608.90","1,618.00","1,622.90","1,621.30","92,02,821","14,92,05,07,153.70","1,35,603","69,69,842","75.74"
"INFY","EQ","19-Jun-2025","1,632.90","1,623.90","1,630.00","1,611.50","1,616.90","1,618.40","1,618.85","51,47,760","8,33,34,49,709.60","1,62,048","24,82,106","48.22"
"INFY","EQ","18-Jun-2025","1,639.90","1,621.00","1,644.70","1,621.00","1,632.00","1,632.90","1,631.66","56,29,707","9,18,57,42,882.60","1,40,846","36,33,595","64.54"
"INFY","EQ","17-Jun-2025","1,623.80","1,620.70","1,647.40","1,615.60","1,638.00","1,639.90","1,637.98","76,22,083","12,48,48,37,334.90","2,12,796","47,50,675","62.33"
"INFY","EQ","16-Jun-2025","1,602.00","1,600.00","1,634.80","1,597.10","1,622.10","1,623.80","1,621.63","55,91,842","9,06,79,22,727.70","1,38,140","36,82,856","65.86"
"INFY","EQ","13-Jun-2025","1,608.60","1,576.00","1,609.00","1,570.20","1,605.00","1,602.00","1,598.18","69,68,315","11,13,66,53,004.60","2,16,576","45,44,327","65.21"
"INFY","EQ","12-Jun-2025","1,631.10","1,617.00","1,628.00","1,598.10","1,605.00","1,608.60","1,612.28","1,04,83,574","16,90,24,14,982.00","3,16,383","61,74,237","58.89"
"INFY","EQ","11-Jun-2025","1,596.00","1,590.10","1,634.60","1,590.10","1,628.00","1,631.10","1,617.71","1,05,97,410","17,14,35,54,884.60","2,19,452","75,78,232","71.51"
"INFY","EQ","10-Jun-2025","1,572.90","1,584.00","1,607.50","1,577.50","1,594.00","1,596.00","1,595.07","85,91,925","13,70,46,98,707.80","2,22,769","46,55,959","54.19"
"INFY","EQ","09-Jun-2025","1,563.80","1,578.00","1,588.00","1,571.00","1,572.00","1,572.90","1,577.22","29,03,202","4,57,89,75,981.40","1,13,233","15,28,864","52.66"
"INFY","EQ","06-Jun-2025","1,554.30","1,554.70","1,568.90","1,543.10","1,568.00","1,563.80","1,557.14","39,60,020","6,16,62,93,295.00","90,826","23,76,954","60.02"
"INFY","EQ","05-Jun-2025","1,551.20","1,547.90","1,567.70","1,541.60","1,554.50","1,554.30","1,554.78","69,48,539","10,80,34,74,457.10","1,28,309","34,83,095","50.13"
"INFY","EQ","04-Jun-2025","1,543.00","1,543.00","1,557.30","1,541.40","1,550.00","1,551.20","1,550.49","45,48,307","7,05,21,04,860.60","1,18,648","31,40,523","69.05"
"INFY","EQ","03-Jun-2025","1,553.80","1,559.00","1,567.30","1,535.60","1,543.00","1,543.00","1,546.37","68,53,403","10,59,78,70,232.10","1,95,003","41,83,164","61.04"
"INFY","EQ","02-Jun-2025","1,562.70","1,560.00","1,560.00","1,539.00","1,551.00","1,553.80","1,550.25","43,74,509","6,78,15,87,274.00","1,31,906","25,83,543","59.06"
"INFY","EQ","30-May-2025","1,585.60","1,571.00","1,572.00","1,555.10","1,561.90","1,562.70","1,563.06","1,31,48,092","20,55,12,63,119.00","1,67,400","92,05,070","70.01"
"INFY","EQ","29-May-2025","1,571.80","1,589.00","1,608.90","1,576.60","1,586.50","1,585.60","1,588.46","86,09,500","13,67,58,17,253.90","1,94,291","41,61,862","48.34"
"INFY","EQ","28-May-2025","1,570.10","1,581.00","1,587.70","1,570.00","1,571.80","1,571.80","1,576.59","36,23,370","5,71,25,74,459.00","1,36,660","22,13,676","61.09"
"INFY","EQ","27-May-2025","1,580.50","1,579.90","1,582.90","1,556.40","1,570.90","1,570.10","1,567.80","77,75,714","12,19,07,51,506.20","2,06,543","43,01,312","55.32"
"INFY","EQ","26-May-2025","1,564.80","1,566.60","1,583.80","1,562.70","1,582.00","1,580.50","1,577.54","31,70,102","5,00,09,73,812.70","84,853","18,72,239","59.06"
"INFY","EQ","23-May-2025","1,547.50","1,550.00","1,587.20","1,550.00","1,566.10","1,564.80","1,573.82","50,38,421","7,92,95,81,517.50","1,19,392","28,52,197","56.61"
"INFY","EQ","22-May-2025","1,568.50","1,555.50","1,560.80","1,540.00","1,551.00","1,547.50","1,548.79","61,58,990","9,53,89,94,454.70","1,62,974","30,66,603","49.79"
"INFY","EQ","21-May-2025","1,560.60","1,567.90","1,571.00","1,552.10","1,566.90","1,568.50","1,566.02","41,57,309","6,51,04,14,089.90","1,12,304","26,50,877","63.76"
"INFY","EQ","20-May-2025","1,559.80","1,570.00","1,583.50","1,558.00","1,563.50","1,560.60","1,566.97","71,43,998","11,19,44,55,092.90","1,60,169","42,21,467","59.09"
"INFY","EQ","19-May-2025","1,589.90","1,576.50","1,585.00","1,555.70","1,557.90","1,559.80","1,565.44","88,55,798","13,86,32,31,180.10","1,86,064","54,56,677","61.62"
"INFY","EQ","16-May-2025","1,613.00","1,612.60","1,612.60","1,581.50","1,589.40","1,589.90","1,591.32","45,76,751","7,28,30,67,573.40","1,32,211","25,96,001","56.72"
"INFY","EQ","15-May-2025","1,592.40","1,589.80","1,618.60","1,571.00","1,609.50","1,613.00","1,600.37","1,11,51,167","17,84,60,28,418.30","2,26,053","57,05,420","51.16"
"INFY","EQ","14-May-2025","1,568.60","1,574.00","1,595.00","1,569.50","1,592.80","1,592.40","1,588.83","48,70,057","7,73,76,87,686.00","1,44,908","30,98,691","63.63"
"INFY","EQ","13-May-2025","1,626.90","1,609.00","1,612.20","1,564.60","1,567.90","1,568.60","1,579.63","1,28,46,210","20,29,22,58,361.30","3,35,293","73,62,230","57.31"
"INFY","EQ","12-May-2025","1,507.60","1,537.00","1,632.00","1,532.00","1,623.50","1,626.90","1,593.89","1,13,72,857","18,12,71,26,262.50","2,90,108","66,67,113","58.62"
"INFY","EQ","09-May-2025","1,511.40","1,500.70","1,511.40","1,494.10","1,507.20","1,507.60","1,504.20","44,78,653","6,73,67,82,019.20","1,44,158","29,95,090","66.87"
"INFY","EQ","08-May-2025","1,508.30","1,508.00","1,516.50","1,501.20","1,506.00","1,511.40","1,508.80","84,24,409","12,71,07,83,626.50","2,17,543","46,24,643","54.90"
"INFY","EQ","07-May-2025","1,511.50","1,500.00","1,518.80","1,496.60","1,508.80","1,508.30","1,509.03","56,91,799","8,58,91,04,210.90","1,44,103","37,46,480","65.82"
"INFY","EQ","06-May-2025","1,508.60","1,506.00","1,515.60","1,499.10","1,511.00","1,511.50","1,509.58","42,70,530","6,44,66,98,483.90","1,05,354","24,38,354","57.10"
"INFY","EQ","05-May-2025","1,506.80","1,515.00","1,523.00","1,502.80","1,507.00","1,508.60","1,509.96","42,82,493","6,46,63,87,044.70","1,30,549","25,83,603","60.33"
"INFY","EQ","02-May-2025","1,500.10","1,499.70","1,523.20","1,496.20","1,502.00","1,506.80","1,509.45","87,33,014","13,18,20,67,260.50","2,35,475","50,90,091","58.29"
"INFY","EQ","30-Apr-2025","1,497.50","1,496.80","1,508.80","1,482.60","1,491.50","1,500.10","1,499.93","77,04,183","11,55,57,16,056.40","1,28,359","54,24,565","70.41"
"INFY","EQ","29-Apr-2025","1,482.10","1,482.00","1,509.80","1,474.10","1,498.00","1,497.50","1,495.87","80,56,743","12,05,18,62,382.60","2,07,221","46,00,292","57.10"
"INFY","EQ","28-Apr-2025","1,480.20","1,480.20","1,489.60","1,465.30","1,481.00","1,482.10","1,478.19","58,86,253","8,70,10,29,482.70","1,46,345","33,83,796","57.49"
"INFY","EQ","25-Apr-2025","1,471.40","1,475.50","1,501.70","1,463.50","1,480.00","1,480.20","1,484.47","83,29,979","12,36,55,98,001.80","1,99,876","36,56,613","43.90"
"INFY","EQ","24-Apr-2025","1,474.90","1,469.90","1,482.90","1,461.50","1,473.00","1,471.40","1,471.62","71,14,292","10,46,95,60,317.20","1,75,991","44,14,774","62.06"
"INFY","EQ","23-Apr-2025","1,422.80","1,446.00","1,487.80","1,439.60","1,476.20","1,474.90","1,471.47","1,11,36,642","16,38,71,81,464.50","2,49,560","60,32,751","54.17"
"INFY","EQ","22-Apr-2025","1,451.00","1,440.00","1,440.00","1,419.30","1,423.00","1,422.80","1,425.14","93,99,738","13,39,59,56,021.30","2,45,817","51,02,605","54.28"
"INFY","EQ","21-Apr-2025","1,419.50","1,410.00","1,471.80","1,410.00","1,449.00","1,451.00","1,452.45","1,56,48,970","22,72,93,78,761.10","2,71,048","78,51,537","50.17"
"INFY","EQ","17-Apr-2025","1,413.10","1,398.00","1,429.80","1,378.30","1,427.70","1,419.50","1,400.17","1,42,64,227","19,97,23,55,994.00","3,49,779","82,63,644","57.93"
"INFY","EQ","16-Apr-2025","1,426.00","1,425.00","1,427.50","1,396.80","1,412.20","1,413.10","1,409.87","1,20,22,740","16,95,05,24,011.30","3,31,555","74,11,100","61.64"
"INFY","EQ","15-Apr-2025","1,409.45","1,445.60","1,447.70","1,409.00","1,430.40","1,426.00","1,424.37","1,01,78,530","14,49,79,63,348.80","2,58,203","65,33,725","64.19"
"INFY","EQ","11-Apr-2025","1,403.70","1,411.25","1,438.80","1,397.05","1,416.80","1,409.45","1,418.10","1,25,67,440","17,82,18,40,695.45","2,62,867","80,16,523","63.79"
"INFY","EQ","09-Apr-2025","1,428.80","1,405.05","1,409.45","1,381.90","1,402.00","1,403.70","1,396.23","85,46,854","11,93,33,54,452.15","2,20,436","46,00,141","53.82"
"INFY","EQ","08-Apr-2025","1,396.75","1,431.00","1,456.50","1,415.00","1,428.00","1,428.80","1,435.73","1,28,05,001","18,38,44,91,521.00","2,54,762","67,52,942","52.74"
"INFY","EQ","07-Apr-2025","1,451.65","1,352.00","1,405.90","1,307.00","1,404.90","1,396.75","1,365.23","2,17,15,252","29,64,62,33,824.90","4,45,720","1,33,50,769","61.48"
"INFY","EQ","04-Apr-2025","1,496.50","1,460.50","1,472.00","1,448.00","1,456.10","1,451.65","1,458.65","95,90,254","13,98,88,55,633.45","2,45,192","61,70,307","64.34"
"INFY","EQ","03-Apr-2025","1,550.15","1,534.65","1,534.65","1,485.05","1,495.80","1,496.50","1,499.79","1,04,59,504","15,68,70,69,999.20","3,90,507","66,06,750","63.17"
"INFY","EQ","02-Apr-2025","1,526.50","1,535.20","1,555.65","1,535.20","1,550.00","1,550.15","1,547.09","61,93,478","9,58,18,59,877.35","1,83,381","38,86,506","62.75"
"INFY","EQ","01-Apr-2025","1,570.65","1,539.25","1,547.40","1,517.85","1,530.20","1,526.50","1,529.41","1,26,80,733","19,39,40,47,386.75","3,28,764","83,67,272","65.98"
"INFY","EQ","28-Mar-2025","1,603.55","1,590.00","1,598.45","1,560.00","1,569.00","1,570.65","1,576.42","67,99,047","10,71,81,60,396.85","2,17,515","41,52,763","61.08"
"INFY","EQ","27-Mar-2025","1,599.45","1,595.55","1,619.95","1,586.00","1,605.00","1,603.55","1,601.41","94,26,573","15,09,58,08,795.90","2,01,020","58,07,993","61.61"
"INFY","EQ","26-Mar-2025","1,628.45","1,626.00","1,637.75","1,595.00","1,599.00","1,599.45","1,610.78","66,51,302","10,71,37,71,940.10","2,22,554","41,50,616","62.40"
"INFY","EQ","25-Mar-2025","1,592.75","1,605.00","1,636.15","1,605.00","1,619.25","1,628.45","1,626.09","98,90,140","16,08,22,64,118.35","2,66,112","54,16,666","54.77"
"INFY","EQ","24-Mar-2025","1,592.55","1,597.95","1,607.10","1,572.70","1,593.95","1,592.75","1,588.76","88,57,726","14,07,28,23,625.15","2,50,512","47,36,908","53.48"
"INFY","EQ","21-Mar-2025","1,615.55","1,577.95","1,603.90","1,563.65","1,595.40","1,592.55","1,591.34","1,00,74,677","16,03,22,62,527.35","2,41,185","58,70,110","58.27"
"INFY","EQ","20-Mar-2025","1,586.55","1,592.00","1,631.90","1,592.00","1,609.05","1,615.55","1,616.31","71,86,750","11,61,60,04,800.30","2,29,276","43,26,447","60.20"
"INFY","EQ","19-Mar-2025","1,609.35","1,603.00","1,603.00","1,572.80","1,589.10","1,586.55","1,583.14","73,87,068","11,69,47,51,809.10","2,50,311","48,20,415","65.25"
"INFY","EQ","18-Mar-2025","1,590.05","1,597.65","1,612.90","1,582.35","1,608.20","1,609.35","1,602.43","62,98,054","10,09,21,66,910.70","1,57,097","40,25,438","63.92"
"INFY","EQ","17-Mar-2025","1,579.85","1,545.15","1,594.00","1,545.15","1,590.00","1,590.05","1,581.70","75,26,032","11,90,39,59,172.65","2,20,262","43,76,533","58.15"
"INFY","EQ","13-Mar-2025","1,590.85","1,599.25","1,606.05","1,570.30","1,579.00","1,579.85","1,582.31","78,22,888","12,37,82,47,563.85","2,58,464","51,66,521","66.04"
"INFY","BL","12-Mar-2025","1,657.00","1,574.00","1,574.00","1,574.00","1,574.00","1,574.00","1,574.00","29,84,056","4,69,69,04,144.00","1","-","-"
"INFY","EQ","12-Mar-2025","1,661.60","1,636.90","1,636.90","1,563.80","1,590.05","1,590.85","1,586.51","1,48,70,008","23,59,13,64,599.50","4,91,121","93,42,131","62.83"
"INFY","BL","11-Mar-2025","1,868.60","1,657.00","1,657.00","1,657.00","1,657.00","1,657.00","1,657.00","29,84,057","4,94,45,82,449.00","1","-","-"
"INFY","EQ","11-Mar-2025","1,701.45","1,680.00","1,680.00","1,637.05","1,667.00","1,661.60","1,655.07","1,26,71,234","20,97,17,94,102.35","2,59,181","95,49,899","75.37"
"INFY","EQ","10-Mar-2025","1,686.00","1,686.00","1,719.00","1,676.20","1,700.05","1,701.45","1,703.14","75,58,981","12,87,40,09,178.00","1,84,536","53,09,363","70.24"
"INFY","EQ","07-Mar-2025","1,715.85","1,703.10","1,705.00","1,675.50","1,685.00","1,686.00","1,686.32","80,19,331","13,52,31,83,544.05","2,34,031","57,11,906","71.23"
"INFY","EQ","06-Mar-2025","1,711.50","1,715.00","1,722.30","1,691.10","1,712.00","1,715.85","1,709.66","1,06,10,547","18,14,03,99,842.70","2,36,281","72,37,730","68.21"
"INFY","EQ","05-Mar-2025","1,688.30","1,692.45","1,732.95","1,692.45","1,707.00","1,711.50","1,714.51","81,80,782","14,02,60,24,448.60","1,84,308","55,25,919","67.55"
"INFY","EQ","04-Mar-2025","1,708.60","1,695.00","1,699.00","1,670.00","1,684.00","1,688.30","1,686.14","67,59,673","11,39,77,44,323.60","2,44,487","44,61,420","66.00"
"INFY","EQ","03-Mar-2025","1,687.70","1,692.30","1,728.60","1,692.30","1,711.00","1,708.60","1,711.06","75,04,969","12,84,14,55,573.45","2,86,660","55,18,645","73.53"
"INFY","EQ","28-Feb-2025","1,764.30","1,755.05","1,755.10","1,682.45","1,693.00","1,687.70","1,694.54","1,21,82,167","20,64,31,37,452.85","4,60,200","87,16,304","71.55"
"INFY","EQ","27-Feb-2025","1,767.70","1,755.20","1,775.85","1,751.10","1,763.00","1,764.30","1,763.43","57,57,079","10,15,21,84,052.30","1,68,385","36,78,871","63.90"
"INFY","EQ","25-Feb-2025","1,764.10","1,745.15","1,778.45","1,745.15","1,766.75","1,767.70","1,766.12","50,92,963","8,99,47,61,660.15","1,92,822","27,77,072","54.53"
"INFY","EQ","24-Feb-2025","1,815.00","1,800.05","1,808.00","1,750.25","1,763.00","1,764.10","1,766.73","75,94,720","13,41,78,27,673.25","3,62,392","55,77,218","73.44"
"INFY","EQ","21-Feb-2025","1,825.15","1,821.80","1,829.85","1,806.20","1,815.00","1,815.00","1,817.56","33,79,879","6,14,31,29,066.35","1,01,664","23,68,505","70.08"
"INFY","EQ","20-Feb-2025","1,810.80","1,805.55","1,831.00","1,805.55","1,826.00","1,825.15","1,822.29","22,18,020","4,04,18,74,473.40","1,16,360","12,05,878","54.37"
"INFY","EQ","19-Feb-2025","1,851.95","1,847.40","1,849.20","1,805.90","1,810.85","1,810.80","1,820.83","46,11,411","8,39,65,92,012.20","2,14,412","33,11,722","71.82"
"INFY","EQ","18-Feb-2025","1,842.30","1,842.30","1,861.65","1,837.60","1,848.00","1,851.95","1,848.81","43,65,260","8,07,05,46,827.05","1,00,362","31,18,509","71.44"
"INFY","EQ","17-Feb-2025","1,856.40","1,838.55","1,852.75","1,822.15","1,843.05","1,842.30","1,838.63","44,28,956","8,14,32,13,452.30","1,49,656","27,09,194","61.17"
"INFY","EQ","14-Feb-2025","1,843.25","1,854.00","1,859.30","1,828.35","1,853.00","1,856.40","1,845.06","52,92,961","9,76,58,18,737.55","1,79,989","34,37,540","64.95"
"INFY","EQ","13-Feb-2025","1,863.15","1,868.50","1,873.50","1,835.65","1,840.65","1,843.25","1,851.21","52,37,744","9,69,61,50,378.65","1,92,119","34,47,995","65.83"
"INFY","EQ","12-Feb-2025","1,875.65","1,885.00","1,894.60","1,847.00","1,864.00","1,863.15","1,866.72","56,33,947","10,51,69,84,029.10","2,22,006","38,85,198","68.96"
"INFY","EQ","11-Feb-2025","1,880.30","1,883.10","1,903.00","1,870.00","1,879.00","1,875.65","1,883.68","44,11,601","8,31,00,66,406.30","1,60,934","22,91,728","51.95"
"INFY","EQ","10-Feb-2025","1,903.65","1,905.00","1,905.00","1,878.60","1,880.00","1,880.30","1,885.89","38,28,734","7,22,05,70,924.25","1,51,607","29,27,900","76.47"
"INFY","EQ","07-Feb-2025","1,915.65","1,919.30","1,923.70","1,889.45","1,901.10","1,903.65","1,902.44","41,26,260","7,84,99,62,358.05","1,55,494","30,34,536","73.54"
"INFY","EQ","06-Feb-2025","1,897.05","1,917.00","1,924.00","1,900.00","1,913.75","1,915.65","1,910.66","47,65,255","9,10,47,91,357.40","1,51,924","26,69,914","56.03"
"INFY","EQ","05-Feb-2025","1,898.80","1,906.00","1,919.70","1,894.30","1,899.15","1,897.05","1,901.79","49,96,744","9,50,27,54,311.35","1,70,651","35,51,507","71.08"
"INFY","EQ","04-Feb-2025","1,863.30","1,889.00","1,911.20","1,875.00","1,894.85","1,898.80","1,892.32","73,34,787","13,87,97,56,408.55","2,54,137","48,13,522","65.63"
"INFY","EQ","03-Feb-2025","1,851.35","1,836.00","1,876.55","1,832.40","1,864.10","1,863.30","1,858.62","48,23,228","8,96,45,53,565.40","1,77,156","29,13,963","60.42"
"INFY","EQ","01-Feb-2025","1,879.80","1,880.30","1,890.60","1,846.00","1,863.00","1,851.35","1,862.44","17,01,402","3,16,87,63,954.00","70,335","7,62,694","44.83"
"INFY","EQ","31-Jan-2025","1,859.95","1,871.00","1,897.45","1,871.00","1,882.95","1,879.80","1,881.49","58,20,470","10,95,11,49,690.20","1,81,998","41,33,792","71.02"
"INFY","EQ","30-Jan-2025","1,881.25","1,873.15","1,887.20","1,844.00","1,868.40","1,859.95","1,859.61","73,36,056","13,64,21,83,045.25","2,03,038","48,67,698","66.35"
"INFY","EQ","29-Jan-2025","1,829.75","1,845.00","1,888.65","1,840.50","1,877.55","1,881.25","1,867.04","51,45,155","9,60,61,85,635.05","2,08,458","29,81,332","57.94"
"INFY","EQ","28-Jan-2025","1,822.00","1,830.00","1,863.50","1,824.90","1,831.00","1,829.75","1,842.44","69,99,495","12,89,61,53,068.90","3,43,851","40,74,581","58.21"
"INFY","EQ","27-Jan-2025","1,875.45","1,848.75","1,863.00","1,812.00","1,823.00","1,822.00","1,838.09","76,52,371","14,06,57,47,508.90","2,42,782","53,95,441","70.51"
"INFY","EQ","24-Jan-2025","1,865.45","1,865.50","1,894.90","1,864.25","1,875.00","1,875.45","1,881.56","48,87,027","9,19,52,42,026.10","2,94,925","32,14,944","65.79"
"INFY","BL","23-Jan-2025","1,675.40","1,868.60","1,868.60","1,868.60","1,868.60","1,868.60","1,868.60","4,85,672","90,75,26,699.20","1","-","-"
"INFY","EQ","23-Jan-2025","1,856.45","1,858.00","1,879.55","1,852.70","1,864.80","1,865.45","1,868.88","59,07,471","11,04,03,65,439.10","3,05,255","33,82,069","57.25"
"INFY","EQ","22-Jan-2025","1,800.70","1,807.40","1,865.80","1,805.15","1,855.00","1,856.45","1,846.53","83,73,913","15,46,26,99,193.55","4,93,438","47,46,138","56.68"
"INFY","EQ","21-Jan-2025","1,813.30","1,819.05","1,831.65","1,793.05","1,804.00","1,800.70","1,814.25","71,69,109","13,00,65,82,697.55","2,52,390","35,33,749","49.29"
"INFY","EQ","20-Jan-2025","1,815.45","1,822.95","1,827.95","1,793.15","1,813.00","1,813.30","1,809.37","43,33,011","7,84,00,06,233.80","1,92,938","24,34,695","56.19"
"INFY","EQ","17-Jan-2025","1,928.45","1,851.00","1,858.00","1,812.00","1,817.50","1,815.45","1,824.17","1,64,09,953","29,93,46,01,377.85","5,03,030","99,59,925","60.69"
"INFY","EQ","16-Jan-2025","1,949.65","1,965.95","1,966.95","1,916.85","1,920.05","1,928.45","1,939.38","75,33,579","14,61,04,85,616.25","2,33,848","44,19,678","58.67"
"INFY","EQ","15-Jan-2025","1,940.05","1,947.00","1,958.05","1,937.10","1,951.65","1,949.65","1,949.16","29,85,439","5,81,90,96,239.50","1,53,629","18,90,937","63.34"
"INFY","EQ","14-Jan-2025","1,962.20","1,968.85","1,971.80","1,931.10","1,938.00","1,940.05","1,943.92","57,92,162","11,25,94,72,879.00","2,67,855","35,70,363","61.64"
"INFY","EQ","13-Jan-2025","1,966.95","1,956.00","1,982.80","1,949.00","1,963.00","1,962.20","1,965.87","58,04,152","11,41,01,82,349.85","2,24,017","37,36,459","64.38"
"INFY","EQ","10-Jan-2025","1,917.30","1,937.00","1,977.80","1,932.25","1,965.80","1,966.95","1,961.18","80,36,913","15,76,18,35,256.95","3,51,137","48,25,704","60.04"
"INFY","EQ","09-Jan-2025","1,933.15","1,934.05","1,951.85","1,910.55","1,920.10","1,917.30","1,928.12","68,33,503","13,17,58,34,552.90","2,28,829","41,46,705","60.68"
"INFY","EQ","08-Jan-2025","1,930.85","1,930.00","1,938.60","1,888.75","1,932.75","1,933.15","1,916.14","54,82,050","10,50,43,91,305.45","2,10,525","34,67,575","63.25"
"INFY","EQ","07-Jan-2025","1,937.85","1,945.00","1,958.55","1,923.65","1,929.00","1,930.85","1,936.28","42,94,832","8,31,59,96,332.75","2,50,125","26,71,982","62.21"
"INFY","EQ","06-Jan-2025","1,938.75","1,952.00","1,973.00","1,928.00","1,939.00","1,937.85","1,943.77","71,64,403","13,92,59,86,567.85","2,47,931","44,18,088","61.67"
"INFY","EQ","03-Jan-2025","1,957.85","1,952.95","1,952.95","1,922.00","1,939.10","1,938.75","1,936.53","62,18,003","12,04,13,66,929.80","2,26,724","41,34,046","66.49"
"INFY","EQ","02-Jan-2025","1,882.50","1,887.00","1,962.65","1,885.30","1,954.75","1,957.85","1,944.51","70,83,645","13,77,42,39,233.15","2,39,506","41,11,627","58.04"
"INFY","EQ","01-Jan-2025","1,880.00","1,874.00","1,892.95","1,874.00","1,885.00","1,882.50","1,884.95","18,38,368","3,46,52,23,831.85","69,020","8,12,809","44.21"
"INFY","EQ","31-Dec-2024","1,906.00","1,892.30","1,897.00","1,845.05","1,885.65","1,880.00","1,872.77","36,13,063","6,76,64,28,350.50","1,50,014","21,23,769","58.78"
"INFY","EQ","30-Dec-2024","1,916.75","1,915.70","1,916.00","1,886.50","1,898.45","1,906.00","1,903.27","77,89,055","14,82,47,04,664.65","1,80,342","57,88,727","74.32"
"INFY","EQ","27-Dec-2024","1,907.40","1,909.40","1,924.15","1,903.90","1,917.00","1,916.75","1,912.07","39,37,500","7,52,87,76,747.25","1,08,688","25,85,416","65.66"
"INFY","EQ","26-Dec-2024","1,909.05","1,909.05","1,919.75","1,902.30","1,909.00","1,907.40","1,908.04","36,23,321","6,91,34,42,832.95","1,23,979","25,85,611","71.36"
"INFY","EQ","24-Dec-2024","1,924.30","1,927.05","1,942.00","1,840.00","1,903.35","1,909.05","1,918.59","23,60,544","4,52,89,21,027.25","93,412","13,62,344","57.71"
"INFY","EQ","23-Dec-2024","1,922.15","1,930.05","1,940.00","1,909.00","1,921.00","1,924.30","1,923.61","27,81,793","5,35,10,92,778.15","1,27,723","14,66,327","52.71"
"INFY","EQ","20-Dec-2024","1,946.20","1,975.15","1,979.95","1,911.25","1,927.80","1,922.15","1,932.55","1,10,56,720","21,36,76,88,611.40","2,70,540","61,60,693","55.72"
"INFY","EQ","19-Dec-2024","1,979.15","1,934.00","1,959.75","1,920.00","1,948.50","1,946.20","1,940.72","53,23,592","10,33,16,27,136.20","1,97,114","29,24,678","54.94"
"INFY","EQ","18-Dec-2024","1,976.60","1,966.80","1,984.95","1,961.60","1,979.00","1,979.15","1,976.08","30,64,095","6,05,49,11,475.20","1,38,618","18,96,034","61.88"
"INFY","EQ","17-Dec-2024","1,980.05","1,968.00","1,982.00","1,958.00","1,974.00","1,976.60","1,971.86","58,11,050","11,45,85,71,096.45","2,43,202","31,52,209","54.25"
"INFY","EQ","16-Dec-2024","1,999.70","1,995.45","1,999.60","1,977.60","1,979.20","1,980.05","1,985.38","31,19,221","6,19,28,34,340.70","1,58,954","18,47,676","59.24"
"INFY","EQ","13-Dec-2024","1,987.00","1,969.75","2,006.45","1,953.80","1,999.00","1,999.70","1,985.40","53,62,693","10,64,70,66,758.55","2,43,211","27,30,177","50.91"
"INFY","EQ","12-Dec-2024","1,974.15","1,975.20","1,998.80","1,970.55","1,985.10","1,987.00","1,989.23","64,62,130","12,85,46,35,035.90","2,86,504","32,97,440","51.03"
"INFY","EQ","11-Dec-2024","1,948.55","1,955.00","1,978.00","1,952.00","1,967.30","1,974.15","1,968.23","50,25,612","9,89,15,78,979.60","2,01,273","29,25,094","58.20"
"INFY","EQ","10-Dec-2024","1,923.65","1,939.00","1,965.60","1,932.00","1,947.10","1,948.55","1,947.08","61,74,921","12,02,30,85,384.00","2,19,707","37,69,961","61.05"
"INFY","EQ","09-Dec-2024","1,922.40","1,924.20","1,930.20","1,897.20","1,926.95","1,923.65","1,912.43","42,74,645","8,17,49,59,449.55","1,69,220","27,96,004","65.41"
"INFY","EQ","06-Dec-2024","1,934.85","1,932.80","1,937.95","1,912.40","1,919.00","1,922.40","1,921.54","35,73,331","6,86,63,14,025.75","1,33,773","21,67,743","60.66"
"INFY","EQ","05-Dec-2024","1,889.25","1,900.00","1,949.90","1,888.95","1,935.00","1,934.85","1,925.05","90,50,038","17,42,17,67,118.35","3,00,510","44,50,530","49.18"
"INFY","EQ","04-Dec-2024","1,892.10","1,884.00","1,913.95","1,875.00","1,892.00","1,889.25","1,895.14","47,05,573","8,91,77,17,924.90","2,15,259","25,51,444","54.22"
"INFY","EQ","03-Dec-2024","1,879.80","1,887.00","1,899.75","1,871.15","1,890.00","1,892.10","1,891.36","47,15,792","8,91,92,59,125.80","1,65,988","32,06,192","67.99"
"INFY","EQ","02-Dec-2024","1,857.85","1,859.00","1,882.80","1,835.20","1,877.45","1,879.80","1,868.92","28,68,263","5,36,05,64,446.55","1,43,774","15,34,907","53.51"
"INFY","EQ","29-Nov-2024","1,856.65","1,851.10","1,877.00","1,845.00","1,856.95","1,857.85","1,859.93","52,44,346","9,75,41,22,115.25","2,17,020","29,06,341","55.42"
"INFY","EQ","28-Nov-2024","1,924.50","1,914.90","1,914.90","1,851.65","1,860.30","1,856.65","1,869.78","84,68,790","15,83,47,48,613.30","2,84,687","56,57,358","66.80"
"INFY","EQ","27-Nov-2024","1,924.15","1,930.10","1,941.40","1,911.75","1,927.00","1,924.50","1,926.81","44,47,143","8,56,87,81,533.80","1,46,524","27,56,729","61.99"
"INFY","EQ","26-Nov-2024","1,889.70","1,904.95","1,938.60","1,897.30","1,920.20","1,924.15","1,926.35","68,50,495","13,19,64,71,061.70","3,12,960","42,64,818","62.26"
"INFY","EQ","25-Nov-2024","1,902.25","1,916.00","1,919.30","1,882.00","1,891.00","1,889.70","1,890.66","1,27,64,638","24,13,35,84,391.95","1,96,770","90,70,318","71.06"
"INFY","EQ","22-Nov-2024","1,834.05","1,854.10","1,914.05","1,834.00","1,889.20","1,902.25","1,880.71","63,01,486","11,85,12,97,771.15","1,85,473","37,23,656","59.09"
"INFY","EQ","21-Nov-2024","1,824.75","1,842.00","1,867.00","1,820.60","1,834.00","1,834.05","1,836.76","54,36,504","9,98,55,80,026.60","2,32,740","26,00,161","47.83"
"INFY","EQ","19-Nov-2024","1,811.45","1,825.50","1,859.70","1,820.55","1,822.50","1,824.75","1,839.98","46,69,769","8,59,22,82,283.60","1,42,990","32,29,861","69.17"
"INFY","EQ","18-Nov-2024","1,864.55","1,849.20","1,849.20","1,795.00","1,815.05","1,811.45","1,813.82","48,39,244","8,77,75,30,199.20","2,07,559","29,93,164","61.85"
"INFY","EQ","14-Nov-2024","1,868.40","1,865.60","1,876.00","1,856.00","1,865.00","1,864.55","1,865.97","43,11,431","8,04,50,09,313.65","2,06,703","28,41,321","65.90"
"INFY","EQ","13-Nov-2024","1,868.80","1,861.10","1,873.20","1,856.30","1,869.00","1,868.40","1,866.77","42,57,495","7,94,77,52,333.85","1,87,205","31,07,684","72.99"
"INFY","EQ","12-Nov-2024","1,860.10","1,871.10","1,881.00","1,861.00","1,861.00","1,868.80","1,871.65","50,12,450","9,38,15,50,004.50","1,82,346","33,41,498","66.66"
"INFY","EQ","11-Nov-2024","1,829.95","1,829.00","1,868.00","1,822.55","1,859.05","1,860.10","1,855.73","38,04,234","7,05,96,43,882.45","2,40,025","24,40,014","64.14"
"INFY","EQ","08-Nov-2024","1,803.05","1,818.00","1,840.60","1,813.15","1,825.95","1,829.95","1,832.23","42,10,960","7,71,54,46,613.70","1,99,379","20,76,350","49.31"
"INFY","EQ","07-Nov-2024","1,823.70","1,812.95","1,825.70","1,787.00","1,802.85","1,803.05","1,802.49","45,50,965","8,20,30,53,863.70","2,74,916","29,45,745","64.73"
"INFY","EQ","06-Nov-2024","1,754.20","1,764.00","1,827.20","1,762.65","1,821.00","1,823.70","1,809.14","1,04,21,494","18,85,39,55,667.25","3,05,870","66,33,255","63.65"
"INFY","EQ","05-Nov-2024","1,763.65","1,760.00","1,768.45","1,745.00","1,753.00","1,754.20","1,754.19","31,60,880","5,54,47,81,198.40","1,68,160","18,86,454","59.68"
"INFY","EQ","04-Nov-2024","1,760.85","1,724.50","1,767.00","1,718.00","1,763.05","1,763.65","1,742.20","73,36,722","12,78,20,53,575.35","2,37,541","45,46,264","61.97"
"INFY","EQ","01-Nov-2024","1,757.25","1,764.50","1,766.00","1,752.05","1,755.60","1,760.85","1,761.68","3,71,966","65,52,84,656.85","29,613","1,77,843","47.81"
"INFY","EQ","31-Oct-2024","1,802.10","1,787.90","1,787.90","1,746.50","1,762.95","1,757.25","1,759.11","73,95,236","13,00,90,50,347.40","2,83,103","48,22,516","65.21"
"INFY","EQ","30-Oct-2024","1,839.30","1,832.00","1,839.00","1,796.35","1,798.80","1,802.10","1,813.08","59,19,715","10,73,29,32,366.35","2,21,376","42,29,513","71.45"
"INFY","EQ","29-Oct-2024","1,865.35","1,846.00","1,851.60","1,829.00","1,839.95","1,839.30","1,840.82","46,21,252","8,50,68,71,719.80","1,57,581","31,87,422","68.97"
"INFY","EQ","28-Oct-2024","1,862.05","1,859.70","1,881.90","1,857.00","1,865.00","1,865.35","1,872.16","70,18,940","13,14,06,01,455.55","1,57,551","55,71,125","79.37"
"INFY","EQ","25-Oct-2024","1,863.35","1,863.45","1,876.35","1,846.40","1,866.00","1,862.05","1,861.41","46,89,120","8,72,83,92,271.00","1,81,283","25,97,591","55.40"
"INFY","EQ","24-Oct-2024","1,873.40","1,861.40","1,884.00","1,860.00","1,863.60","1,863.35","1,866.54","29,06,475","5,42,50,65,456.80","1,37,718","18,92,942","65.13"
"INFY","EQ","23-Oct-2024","1,851.60","1,845.25","1,886.00","1,844.00","1,868.30","1,873.40","1,872.18","43,11,910","8,07,26,63,538.05","1,77,546","24,16,683","56.05"
"INFY","EQ","22-Oct-2024","1,852.75","1,858.20","1,877.80","1,846.95","1,853.55","1,851.60","1,858.27","41,25,240","7,66,57,99,770.25","1,89,972","24,94,370","60.47"
"INFY","EQ","21-Oct-2024","1,879.60","1,891.10","1,898.80","1,838.00","1,850.10","1,852.75","1,856.08","46,54,601","8,63,93,26,330.60","1,85,546","23,43,503","50.35"
"INFY","EQ","18-Oct-2024","1,968.10","1,893.80","1,936.85","1,869.25","1,885.00","1,879.60","1,891.59","1,05,26,196","19,91,12,46,940.10","3,35,832","49,16,524","46.71"
"INFY","EQ","17-Oct-2024","1,920.10","1,935.20","1,978.00","1,930.15","1,974.55","1,968.10","1,957.70","81,62,822","15,98,03,88,201.05","2,95,717","40,19,395","49.24"
"INFY","EQ","16-Oct-2024","1,959.30","1,955.00","1,959.55","1,916.35","1,918.10","1,920.10","1,937.33","31,11,512","6,02,80,23,137.55","1,39,457","17,36,836","55.82"
"INFY","EQ","15-Oct-2024","1,958.90","1,960.00","1,991.45","1,951.75","1,960.00","1,959.30","1,965.59","53,53,705","10,52,31,64,056.35","1,84,609","31,91,676","59.62"
"INFY","EQ","14-Oct-2024","1,935.10","1,932.15","1,969.50","1,931.10","1,966.00","1,958.90","1,957.08","37,51,378","7,34,17,34,867.25","2,42,164","24,57,354","65.51"
"INFY","EQ","11-Oct-2024","1,919.00","1,918.00","1,947.00","1,910.10","1,935.00","1,935.10","1,932.54","47,09,431","9,10,11,57,285.95","2,09,438","27,07,269","57.49"
"INFY","EQ","10-Oct-2024","1,952.75","1,957.90","1,964.00","1,914.10","1,917.55","1,919.00","1,934.31","47,82,119","9,25,00,80,166.00","1,87,711","21,80,497","45.60"
"INFY","EQ","09-Oct-2024","1,948.55","1,952.55","1,977.00","1,945.10","1,959.00","1,952.75","1,961.35","48,57,163","9,52,66,13,749.45","2,40,629","25,44,632","52.39"
"INFY","EQ","08-Oct-2024","1,934.30","1,937.90","1,957.95","1,906.35","1,945.95","1,948.55","1,937.77","56,37,391","10,92,39,47,722.80","3,01,214","34,81,309","61.75"
"INFY","EQ","07-Oct-2024","1,918.15","1,923.20","1,942.00","1,916.05","1,930.15","1,934.30","1,932.07","61,12,575","11,80,99,11,119.45","2,32,953","35,86,241","58.67"
"INFY","EQ","04-Oct-2024","1,893.40","1,889.55","1,954.10","1,886.00","1,922.00","1,918.15","1,926.60","1,00,01,483","19,26,89,03,580.40","3,17,341","49,33,263","49.33"
"INFY","EQ","03-Oct-2024","1,904.35","1,889.50","1,911.85","1,881.00","1,889.00","1,893.40","1,895.02","75,03,887","14,22,00,32,273.75","2,79,836","45,77,700","61.00"
"INFY","EQ","01-Oct-2024","1,875.60","1,875.00","1,908.95","1,875.00","1,906.00","1,904.35","1,898.99","40,29,072","7,65,11,53,333.05","1,53,975","22,38,191","55.55"
"INFY","EQ","30-Sep-2024","1,906.75","1,880.00","1,901.25","1,870.50","1,877.60","1,875.60","1,881.30","69,86,955","13,14,45,82,073.90","2,25,929","51,19,815","73.28"
"INFY","EQ","27-Sep-2024","1,900.25","1,932.10","1,974.60","1,903.30","1,908.00","1,906.75","1,926.62","1,49,08,931","28,72,38,92,455.00","3,01,305","89,83,190","60.25"
"INFY","EQ","26-Sep-2024","1,895.30","1,897.80","1,917.95","1,893.00","1,894.00","1,900.25","1,902.94","89,52,803","17,03,66,13,838.85","2,04,902","59,93,852","66.95"
"INFY","EQ","25-Sep-2024","1,898.60","1,886.35","1,901.60","1,876.80","1,900.00","1,895.30","1,889.52","42,68,341","8,06,51,07,237.85","1,73,033","31,49,517","73.79"
"INFY","EQ","24-Sep-2024","1,896.45","1,888.00","1,910.90","1,871.40","1,900.00","1,898.60","1,888.94","72,77,616","13,74,69,48,535.65","1,81,532","56,76,045","77.99"
"INFY","EQ","23-Sep-2024","1,905.75","1,909.00","1,918.90","1,878.45","1,895.00","1,896.45","1,890.26","36,36,672","6,87,42,60,634.45","1,33,793","23,04,184","63.36"